,ACTION,REWARD,A0,A1,A2,A3,V
0,2.0,-1.0,-1.8028352004432044,-1.7904579385626358,-1.4722246358187754,-1.806877140450971,-1.0
1,2.0,-1.0,-1.4742353994052686,-1.4871296198745803,-1.1766422011837636,-1.5032152617847478,-2.0
2,1.0,-1.0,-1.1264933139684328,-0.8798614036820623,-1.1272480411768953,-1.1116189366494327,-3.0
3,1.0,-1.0,-0.92414921380779,-0.601337193688423,-0.8735554394264181,-0.917567478214309,-4.0
4,0.0,-1.0,-0.832006021713377,-0.8061435600171735,-0.3818724139513332,-0.8738901451087134,-5.0
5,1.0,-1.0,-0.92414921380779,-0.5987606734771007,-0.8735554394264181,-0.917567478214309,-6.0
6,2.0,-1.0,-0.832006021713377,-0.8061435600171735,-0.38051660763352263,-0.8738901451087134,-7.0
7,1.0,1.0,-0.3733932025909321,0.8390790396126941,-0.3293225649896934,-0.48838829830702707,-6.0
