,ACTION,REWARD,A0,A1,A2,A3,V
0,2.0,-1.0,-1.8028352004432044,-1.789395252119832,-1.2802506116799717,-1.811298405050173,-1.0
1,2.0,-1.0,-1.4844528900459042,-1.4871296198745803,-1.0171054861433084,-1.5098397149721432,-2.0
2,2.0,-1.0,-1.1323323485431978,-0.7540498242018254,-1.1333233647584835,-1.1287427922644793,-3.0
3,1.0,-1.0,-0.8382456512404981,-0.8098371192393985,-0.838673680297204,-0.8506091755604672,-4.0
4,1.0,-1.0,-0.6019956262841789,-0.16585861369242988,-0.595854837823865,-0.5673811547982797,-5.0
5,1.0,1.0,-0.38132410220513446,0.8675801321650674,-0.32727893879634073,-0.48838829830702707,-4.0
