,ACTION,REWARD,A0,A1,A2,A3,V
0,2.0,-1.0,-1.808692256897462,-1.8295549427086975,-0.7084250866341397,-1.8135722710737385,-1.0
1,0.0,-1.0,-1.4891062842832548,-1.5154165242737756,-0.5845979662590435,-1.5205979640366662,-2.0
2,2.0,-1.0,-1.4891062842832548,-1.5154165242737756,-0.5830486739819113,-1.5205979640366662,-3.0
3,1.0,-1.0,-1.1707773201854523,-0.4753703763680323,-1.162087009515606,-1.1755403523236556,-4.0
4,1.0,-1.0,-0.9670767981910326,-0.3026893858745592,-0.8892942698394253,-1.0031554467542758,-5.0
5,2.0,-1.0,-0.8595844026784177,-0.8310300370449029,-0.20722455972279588,-0.9447000679759834,-6.0
6,1.0,1.0,-0.4150833739254305,0.8860266069034453,-0.32064462083141376,-0.539072572917825,-5.0
