,ACTION,REWARD,A0,A1,A2,A3,V
0,2.0,-1.0,-1.7939083717398505,-1.859895908606578,-0.5852327874651766,-1.802228291431724,-1.0
1,2.0,-1.0,-1.4889137906854248,-1.518587435567746,-0.47742246984513964,-1.5226935190908533,-2.0
2,1.0,-1.0,-1.1835358379488423,-0.39051920962780023,-1.187869320376878,-1.1814422433050331,-3.0
3,1.0,-1.0,-0.9898811930357083,-0.2506650841881345,-0.8930472081379851,-1.0340402324842657,-4.0
4,3.0,-1.0,-0.8782506714456814,-0.8332702555762566,-0.2101959320511954,-0.9863742940655784,-5.0
5,2.0,-1.0,-0.8271079963140558,-0.8216036432017314,-0.7019913551009108,-0.820755704100323,-6.0
6,2.0,-1.0,-0.8782506714456814,-0.8332702555762566,-0.21060571310179269,-0.9863742940655784,-7.0
7,1.0,1.0,-0.43558124144884536,0.8337085591779851,-0.31843405583563317,-0.5785399445090361,-6.0
