,ACTION,REWARD,A0,A1,A2,A3,V
0,2.0,-1.0,-1.808692256897462,-1.822167735629925,-0.754103677940234,-1.8149527046681269,-1.0
1,2.0,-1.0,-1.4977852520498633,-1.5087979905048468,-0.6176503931538956,-1.5292267172689078,-2.0
2,1.0,-1.0,-1.1620321220090022,-0.5397836625816173,-1.156522425500373,-1.1755403523236556,-3.0
3,1.0,-1.0,-0.9670767981910326,-0.3459296108552063,-0.8832082158728531,-1.0031554467542758,-4.0
4,2.0,-1.0,-0.8553100853309996,-0.8261871844357754,-0.21523268691599723,-0.9447000679759834,-5.0
5,1.0,1.0,-0.408909729211589,0.860833095241243,-0.32172485771568354,-0.5258556067639995,-4.0
