,ACTION,REWARD,A0,A1,A2,A3,V
0,3.0,-1.0,-1.808692256897462,-1.822167735629925,-0.7521214946992167,-1.8135722710737385,-1.0
1,1.0,-1.0,-1.808692256897462,-1.8259012662195275,-0.7521214946992167,-1.8135722710737385,-2.0
2,2.0,-1.0,-1.3902131222349654,-1.3891576380277972,-1.3236321279294572,-1.3861809972604993,-3.0
3,2.0,-1.0,-1.123930705911272,-1.116824322700294,-0.9446175935091911,-1.1350791179997628,-4.0
4,1.0,-1.0,-0.9670767981910326,-0.3429013305993162,-0.8832082158728531,-1.0031554467542758,-5.0
5,2.0,-1.0,-0.8553100853309996,-0.8261871844357754,-0.21541951068916995,-0.9447000679759834,-6.0
6,1.0,1.0,-0.408909729211589,0.8636025166459422,-0.32172485771568354,-0.5258556067639995,-5.0
