,ACTION,REWARD,A0,A1,A2,A3,V
0,2.0,-1.0,-1.7965647371289546,-1.8536783104743861,-0.5975815492130386,-1.8049133191868076,-1.0
1,2.0,-1.0,-1.489343890057143,-1.518587435567746,-0.4895534974863649,-1.5226935190908533,-2.0
2,1.0,-1.0,-1.1835358379488423,-0.3735505713530923,-1.1829247657377817,-1.1814422433050331,-3.0
3,1.0,-1.0,-0.9863861214601439,-0.2465327164661819,-0.8930472081379851,-1.0113311361922648,-4.0
4,2.0,-1.0,-0.8782506714456814,-0.8332702555762566,-0.1954570520942854,-0.9798078306290282,-5.0
5,1.0,1.0,-0.4309510756774198,0.8104611585430695,-0.31843405583563317,-0.570136975009457,-4.0
