,ACTION,REWARD,A0,A1,A2,A3,V
0,1.0,-1.0,-1.8013316655269884,-1.8437650296237174,-0.6455393465751224,-1.8072479819847669,-1.0
1,2.0,-1.0,-1.3902131222349654,-1.3931921829677436,-1.3135122426577048,-1.3861809972604993,-2.0
2,2.0,-1.0,-1.123930705911272,-1.1222672343254427,-0.8923355661083939,-1.1350791179997628,-3.0
3,2.0,-1.0,-0.9829026789626879,-0.27677072547749054,-0.8929236441861199,-1.0113311361922648,-4.0
4,1.0,-1.0,-0.6128863360240238,0.09219357532163404,-0.6047955685896947,-0.5742775259719604,-5.0
5,1.0,1.0,-0.4309510756774198,0.8413767424526055,-0.31843405583563317,-0.5580689246267766,-4.0
