,ACTION,REWARD,A0,A1,A2,A3,V
0,2.0,-1.0,-1.8028352004432044,-1.789395252119832,-1.269323027586509,-1.811298405050173,-1.0
1,2.0,-1.0,-1.4844528900459042,-1.4871296198745803,-1.0069763296381913,-1.5098397149721432,-2.0
2,1.0,-1.0,-1.1323323485431978,-0.7455315002039311,-1.1333233647584835,-1.1287427922644793,-3.0
3,1.0,-1.0,-0.932327851459149,-0.5144690831284343,-0.8665720275830446,-0.917567478214309,-4.0
4,2.0,-1.0,-0.8455262876041822,-0.8061435600171735,-0.31268986745730004,-0.8904536145838967,-5.0
5,1.0,1.0,-0.38132410220513446,0.8715131346596326,-0.32727893879634073,-0.48838829830702707,-4.0
