,ACTION,REWARD,A0,A1,A2,A3,V
0,2.0,-1.0,-1.806006399679317,-1.802315433817206,-1.1215435774967224,-1.8139468244801074,-1.0
1,2.0,-1.0,-1.4923808837380874,-1.4965558252711075,-0.899718851303597,-1.5098397149721432,-2.0
2,1.0,-1.0,-1.1471205128457145,-0.626194915433314,-1.1508325258063834,-1.1403057733110016,-3.0
3,1.0,-1.0,-0.939098081353159,-0.4310058140732358,-0.8693134109169454,-0.9279849268055831,-4.0
4,1.0,-1.0,-0.8455262876041822,-0.8155513143164198,-0.28538882496283563,-0.9065141321957405,-5.0
5,2.0,1.0,-0.40324267286598736,-0.39570816453140456,-0.10651593401068415,-0.4007377950987094,-4.0
