,ACTION,REWARD,A0,A1,A2,A3,V
0,2.0,-1.0,-1.808692256897462,-1.8259012662195275,-0.7403904378275148,-1.8135722710737385,-1.0
1,3.0,-1.0,-1.488354387009035,-1.5087979905048468,-0.6096310915738631,-1.5205979640366662,-2.0
2,2.0,-1.0,-1.808692256897462,-1.8259012662195275,-0.7384732132734044,-1.8135722710737385,-3.0
3,2.0,-1.0,-1.488354387009035,-1.5087979905048468,-0.6082905052664388,-1.5205979640366662,-4.0
4,1.0,-1.0,-1.1620321220090022,-0.5261760002134436,-1.162087009515606,-1.1755403523236556,-5.0
5,1.0,-1.0,-0.9670767981910326,-0.3370328795823698,-0.8847124101473661,-1.0031554467542758,-6.0
6,2.0,-1.0,-0.8553100853309996,-0.8261871844357754,-0.21563525163441388,-0.9447000679759834,-7.0
7,1.0,1.0,-0.4150833739254305,0.8715844769939014,-0.32172485771568354,-0.5325373503463535,-6.0
