,ACTION,REWARD,A0,A1,A2,A3,V
0,2.0,-1.0,-1.806006399679317,-1.802315433817206,-1.0943198840851762,-1.8139468244801074,-1.0
1,3.0,-1.0,-1.4923808837380874,-1.5010954523271147,-0.8765445043092814,-1.5145901967791884,-2.0
2,2.0,-1.0,-1.806006399679317,-1.802315433817206,-1.091265585783108,-1.8139468244801074,-3.0
3,0.0,-1.0,-1.49534597543949,-1.5010954523271147,-0.8765445043092814,-1.5145901967791884,-4.0
4,2.0,-1.0,-1.49534597543949,-1.5010954523271147,-0.8732043856830851,-1.5145901967791884,-5.0
5,1.0,-1.0,-1.1511359559932686,-0.600677294382107,-1.1508325258063834,-1.1403057733110016,-6.0
6,1.0,-1.0,-0.939098081353159,-0.4305790424113063,-0.8693134109169454,-0.9279849268055831,-7.0
7,2.0,-1.0,-0.8455262876041822,-0.8155513143164198,-0.28023266468991986,-0.9065141321957405,-8.0
8,1.0,1.0,-0.3886753629807248,0.8526953000479337,-0.325736350512956,-0.5039534790377107,-7.0
