,ACTION,REWARD,A0,A1,A2,A3,V
0,2.0,-1.0,-1.1387676641513713,-1.136552851049678,-1.139082532204428,-1.1355597868188156,-1.0
1,0.0,-1.0,-0.8418526246184995,-0.8393482907035733,-0.8342962110737103,-0.8412140769461197,-2.0
2,2.0,-1.0,-0.8418526246184995,-0.8393482907035733,-0.8323043449389358,-0.8412140769461197,-3.0
3,1.0,-1.0,-0.707626254892369,-0.7133620628399818,-0.7129212307182986,-0.7150848181618416,-4.0
4,3.0,-1.0,-0.5348334875426367,-0.5342480803833117,-0.5270706977908796,-0.5381263191811818,-5.0
5,1.0,-1.0,-0.7344467190623338,-0.7264389368913836,-0.7334011355053037,-0.7348707458784103,-6.0
6,2.0,-1.0,-0.5331532048172941,-0.5346657884449989,-0.5370454369217659,-0.5343627848808131,-7.0
7,2.0,-1.0,-0.3827718769521541,-0.38061836117975045,-0.3877561610280629,-0.38787878038450513,-8.0
8,1.0,1.0,-0.1425478446681857,-0.11900172658682327,-0.13670625010807036,-0.1278814954340355,-7.0
