,ACTION,REWARD,A0,A1,A2,A3,V
0,0.0,-1.0,-1.7965647371289546,-1.8536783104743861,-0.6110147660315278,-1.8049133191868076,-1.0
1,2.0,-1.0,-1.7965647371289546,-1.8536783104743861,-0.6093412514329498,-1.8049133191868076,-2.0
2,2.0,-1.0,-1.489343890057143,-1.518587435567746,-0.49138854357884687,-1.522271158963362,-3.0
3,1.0,-1.0,-1.1835358379488423,-0.37180868780922405,-1.1829247657377817,-1.1787498468947366,-4.0
4,1.0,-1.0,-0.9829026789626879,-0.25785771956757836,-0.8930472081379851,-1.0113311361922648,-5.0
5,2.0,-1.0,-0.8711684569401216,-0.8332702555762566,-0.18671868638493544,-0.9798078306290282,-6.0
6,1.0,1.0,-0.4309510756774198,0.8286720347412555,-0.31843405583563317,-0.570136975009457,-5.0
