,ACTION,REWARD,A0,A1,A2,A3,V
0,2.0,-1.0,-1.808692256897462,-1.8144599194581978,-0.8375020374894476,-1.8162562318017137,-1.0
1,3.0,-1.0,-1.4970137401155155,-1.5010954523271147,-0.664572606041314,-1.525529605678404,-2.0
2,2.0,-1.0,-1.808692256897462,-1.8144599194581978,-0.835108170568925,-1.8162562318017137,-3.0
3,2.0,-1.0,-1.4970137401155155,-1.5010954523271147,-0.6630810210795621,-1.525529605678404,-4.0
4,1.0,-1.0,-1.1584366254721512,-0.5703263769519362,-1.1508325258063834,-1.1673647701295558,-5.0
5,1.0,-1.0,-0.9562954448953455,-0.3728779794225572,-0.8800316236593496,-0.9855448052225911,-6.0
6,2.0,-1.0,-0.8455262876041822,-0.8235801239368523,-0.2313892693383859,-0.9297981396267377,-7.0
7,1.0,1.0,-0.408909729211589,0.8712633582690786,-0.3229375108381222,-0.5258556067639995,-6.0
