,ACTION,REWARD,A0,A1,A2,A3,V
0,2.0,-1.0,-1.806006399679317,-1.798111637454975,-1.1726418359981858,-1.8139468244801074,-1.0
1,2.0,-1.0,-1.4923808837380874,-1.491910645437962,-0.9374534829977051,-1.5098397149721432,-2.0
2,3.0,-1.0,-1.1471205128457145,-0.6660852540753576,-1.1508325258063834,-1.1333256607295068,-3.0
3,2.0,-1.0,-1.4923808837380874,-1.491910645437962,-0.9340737154544063,-1.5098397149721432,-4.0
4,1.0,-1.0,-1.1471205128457145,-0.6634190957879024,-1.1508325258063834,-1.1333256607295068,-5.0
5,1.0,-1.0,-0.939098081353159,-0.442051501720541,-0.8693134109169454,-0.9279849268055831,-6.0
6,2.0,-1.0,-0.8455262876041822,-0.8126182611643296,-0.2924077900075623,-0.8904536145838967,-7.0
7,1.0,1.0,-0.38132410220513446,0.8302627775780443,-0.325736350512956,-0.5039534790377107,-6.0
