,ACTION,REWARD,A0,A1,A2,A3,V
0,2.0,-1.0,-1.8069811601081947,-1.8295549427086975,-0.7030177757930054,-1.8135722710737385,-1.0
1,2.0,-1.0,-1.4891062842832548,-1.5154165242737756,-0.5883741921386513,-1.5205979640366662,-2.0
2,0.0,-1.0,-1.1759463866222148,-0.4813316727793218,-1.162087009515606,-1.1755403523236556,-3.0
3,1.0,-1.0,-1.1759463866222148,-0.4792321036690085,-1.162087009515606,-1.1755403523236556,-4.0
4,1.0,-1.0,-0.9670767981910326,-0.3003762426991653,-0.8902357805317481,-1.0031554467542758,-5.0
5,2.0,-1.0,-0.8595844026784177,-0.8310300370449029,-0.20704587330493365,-0.9447000679759834,-6.0
6,0.0,-1.0,-0.4206968808878269,0.8882946774260667,-0.32064462083141376,-0.5455463575421692,-7.0
7,1.0,-1.0,-0.6019956262841789,0.03391717491525505,-0.6047955685896947,-0.5673811547982797,-8.0
8,1.0,1.0,-0.4206968808878269,0.889411730651806,-0.32064462083141376,-0.5455463575421692,-7.0
