,ACTION,REWARD,A0,A1,A2,A3,V
0,3.0,-1.0,-1.8088337835442068,-1.8144599194581978,-0.9634535014158034,-1.8161415633932958,-1.0
1,2.0,-1.0,-1.8088337835442068,-1.8144599194581978,-0.9704612939959977,-1.8161415633932958,-2.0
2,2.0,-1.0,-1.49534597543949,-1.5010954523271147,-0.7356916033800326,-1.5232243306474738,-3.0
3,1.0,-1.0,-1.1547868889111574,-0.5675257903406571,-1.1508325258063834,-1.1627812131601833,-4.0
4,1.0,-1.0,-0.9506297846021733,-0.39988662854472823,-0.8782657186425216,-0.9379694123635787,-5.0
5,2.0,-1.0,-0.8455262876041822,-0.8210299571055935,-0.26887628596301605,-0.9297981396267377,-6.0
6,1.0,1.0,-0.40230783669615944,0.8459389723668191,-0.32414614149349075,-0.5187882960440333,-5.0
