,ACTION,REWARD,A0,A1,A2,A3,V
0,2.0,-1.0,-1.8028352004432044,-1.7937933509944644,-1.247811140165814,-1.811298405050173,-1.0
1,2.0,-1.0,-1.48864108326427,-1.4871296198745803,-1.006839279842769,-1.5098397149721432,-2.0
2,1.0,-1.0,-1.1323323485431978,-0.7314589230788048,-1.1392786651840532,-1.1287427922644793,-3.0
3,1.0,-1.0,-0.932327851459149,-0.5007053487634661,-0.8665720275830446,-0.917567478214309,-4.0
4,2.0,-1.0,-0.8455262876041822,-0.8061435600171735,-0.3073158022570637,-0.8904536145838967,-5.0
5,1.0,1.0,-0.38132410220513446,0.8608358651550521,-0.32727893879634073,-0.48838829830702707,-4.0
