,ACTION,REWARD,A0,A1,A2,A3,V
0,2.0,-1.0,-1.7965647371289546,-1.8536783104743861,-0.6023164592608837,-1.8049133191868076,-1.0
1,2.0,-1.0,-1.489343890057143,-1.518587435567746,-0.49262546225195764,-1.5225120977539357,-2.0
2,1.0,-1.0,-1.1835358379488423,-0.368052143009217,-1.1829247657377817,-1.1814422433050331,-3.0
3,0.0,-1.0,-0.9863861214601439,-0.24873800603786184,-0.8930472081379851,-1.0113311361922648,-4.0
4,1.0,-1.0,-1.1835358379488423,-0.3766102636334656,-1.1829247657377817,-1.1814422433050331,-5.0
5,1.0,-1.0,-0.9863861214601439,-0.2479880897888164,-0.8930472081379851,-1.0113311361922648,-6.0
6,2.0,-1.0,-0.8782506714456814,-0.8332702555762566,-0.19387908513470364,-0.9798078306290282,-7.0
7,1.0,1.0,-0.4309510756774198,0.8066127523141206,-0.31843405583563317,-0.570136975009457,-6.0
