,ACTION,REWARD,A0,A1,A2,A3,V
0,2.0,-1.0,-1.808692256897462,-1.8144599194581978,-0.8332109888473507,-1.8162562318017137,-1.0
1,2.0,-1.0,-1.4970137401155155,-1.5049958770798497,-0.657317828235385,-1.525529605678404,-2.0
2,1.0,-1.0,-1.1620321220090022,-0.5707676391483566,-1.1508325258063834,-1.1673647701295558,-3.0
3,1.0,-1.0,-0.9562954448953455,-0.3746948636795512,-0.8800316236593496,-0.9855448052225911,-4.0
4,2.0,-1.0,-0.8455262876041822,-0.8235801239368523,-0.23051476350187466,-0.9297981396267377,-5.0
5,1.0,1.0,-0.408909729211589,0.8775727346563527,-0.3229375108381222,-0.5258556067639995,-4.0
