,ACTION,REWARD,A0,A1,A2,A3,V
0,2.0,-1.0,-1.8069811601081947,-1.8295549427086975,-0.6995513679590326,-1.8135722710737385,-1.0
1,2.0,-1.0,-1.4891062842832548,-1.5154165242737756,-0.5852297922781324,-1.5205979640366662,-2.0
2,2.0,-1.0,-1.1759463866222148,-0.4771431688166109,-1.1675263581197404,-1.1755403523236556,-3.0
3,1.0,-1.0,-0.8382456512404981,-0.7763188023477077,-0.838673680297204,-0.8506091755604672,-4.0
4,1.0,-1.0,-0.6019956262841789,0.04159266168621009,-0.6047955685896947,-0.5673811547982797,-5.0
5,1.0,1.0,-0.4206968808878269,0.891612437211835,-0.32064462083141376,-0.5455463575421692,-4.0
