,ACTION,REWARD,A0,A1,A2,A3,V
0,3.0,-1.0,-1.8033823867865022,-1.8295549427086975,-0.6658778283050152,-1.8094051546201138,-1.0
1,2.0,-1.0,-1.8033823867865022,-1.8295549427086975,-0.6643210127790663,-1.8094051546201138,-2.0
2,2.0,-1.0,-1.489343890057143,-1.518587435567746,-0.5652077828822284,-1.5205979640366662,-3.0
3,1.0,-1.0,-1.1759463866222148,-0.4415796666955376,-1.1675263581197404,-1.1755403523236556,-4.0
4,1.0,-1.0,-0.970816546933955,-0.27381410583772003,-0.8916065119505915,-1.0113311361922648,-5.0
5,2.0,-1.0,-0.8674458087960727,-0.8310300370449029,-0.1996167624654818,-0.9591586540109436,-6.0
6,1.0,1.0,-0.4206968808878269,0.8588612521136335,-0.3195257904741632,-0.5455463575421692,-5.0
