,ACTION,REWARD,A0,A1,A2,A3,V
0,2.0,-1.0,-1.808692256897462,-1.8144599194581978,-0.7791585776703387,-1.8162562318017137,-1.0
1,2.0,-1.0,-1.4977852520498633,-1.5087979905048468,-0.6296150110594121,-1.527644123317654,-2.0
2,1.0,-1.0,-1.1620321220090022,-0.5504040568392334,-1.156522425500373,-1.1715940564566085,-3.0
3,2.0,-1.0,-0.9617144407410245,-0.34354547244457107,-0.8832082158728531,-0.9944831234705838,-4.0
4,1.0,-1.0,-0.6019956262841789,-0.03736404813794788,-0.6009001788974875,-0.5673811547982797,-5.0
5,1.0,1.0,-0.408909729211589,0.8886965680405579,-0.32172485771568354,-0.5258556067639995,-4.0
