,ACTION,REWARD,A0,A1,A2,A3,V
0,2.0,-1.0,-1.808692256897462,-1.8144599194581978,-0.7899188409286294,-1.8162562318017137,-1.0
1,0.0,-1.0,-1.4977852520498633,-1.5087979905048468,-0.6379610372781239,-1.527644123317654,-2.0
2,2.0,-1.0,-1.4977852520498633,-1.5087979905048468,-0.6365735143505415,-1.527644123317654,-3.0
3,1.0,-1.0,-1.1620321220090022,-0.5522879954443495,-1.156522425500373,-1.1715940564566085,-4.0
4,1.0,-1.0,-0.9617144407410245,-0.3494640857475715,-0.8817038709573678,-0.9944831234705838,-5.0
5,2.0,-1.0,-0.8553100853309996,-0.8261871844357754,-0.22675811098609677,-0.9447000679759834,-6.0
6,1.0,1.0,-0.408909729211589,0.8829604663359557,-0.32172485771568354,-0.5258556067639995,-5.0
