,ACTION,REWARD,A0,A1,A2,A3,V
0,2.0,-1.0,-1.8033823867865022,-1.8295549427086975,-0.6596532123171365,-1.8094051546201138,-1.0
1,2.0,-1.0,-1.489343890057143,-1.518587435567746,-0.5601375263103607,-1.5205979640366662,-2.0
2,1.0,-1.0,-1.1781435765288228,-0.4338732335039092,-1.1675263581197404,-1.1755403523236556,-3.0
3,1.0,-1.0,-0.9750650352374456,-0.27194280807726307,-0.8921791563813077,-1.0113311361922648,-4.0
4,3.0,-1.0,-0.8674458087960727,-0.8310300370449029,-0.19989084357180428,-0.9662286469595435,-5.0
5,2.0,-1.0,-0.8271079963140558,-0.8216036432017314,-0.7345727613501674,-0.820755704100323,-6.0
6,2.0,-1.0,-0.8674458087960727,-0.8310300370449029,-0.2001369059173171,-0.9662286469595435,-7.0
7,1.0,1.0,-0.4259140524498616,0.8630532140646066,-0.3195257904741632,-0.5455463575421692,-6.0
