,ACTION,REWARD,A0,A1,A2,A3,V
0,2.0,-1.0,-0.936769562460371,-0.9367741322866401,-0.937501813117205,-0.935969229138785,-1.0
1,2.0,-1.0,-0.6620054393080744,-0.6612763834492654,-0.6588151964666239,-0.6680026551204273,-2.0
2,1.0,-1.0,-0.5319573292860531,-0.5368698288316065,-0.5315509957197128,-0.5358838404361776,-3.0
3,2.0,-1.0,-0.4236630337998594,-0.41980441025031673,-0.4109802568186062,-0.4135208294332822,-4.0
4,3.0,-1.0,-0.3351973422698219,-0.3348469008424105,-0.3328889170427794,-0.3426113549762329,-5.0
5,2.0,-1.0,-0.4236630337998594,-0.41980441025031673,-0.41986645450380516,-0.4135208294332822,-6.0
6,2.0,-1.0,-0.3351973422698219,-0.3348469008424105,-0.3425560281257366,-0.3426113549762329,-7.0
7,1.0,-1.0,-0.3351973422698219,-0.34045466524553514,-0.3425560281257366,-0.3426113549762329,-8.0
8,1.0,1.0,-0.11639885200259141,0.10481432472963874,-0.13670625010807036,-0.11574263912665703,-7.0
