,ACTION,REWARD,A0,A1,A2,A3,V
0,3.0,-1.0,-1.8033823867865022,-1.8295549427086975,-0.6767756774407878,-1.8115275294599682,-1.0
1,2.0,-1.0,-1.8033823867865022,-1.8295549427086975,-0.675206252610354,-1.8115275294599682,-2.0
2,2.0,-1.0,-1.489343890057143,-1.518587435567746,-0.5760196910752402,-1.5205979640366662,-3.0
3,1.0,-1.0,-1.1759463866222148,-0.47495280390386335,-1.1675263581197404,-1.1755403523236556,-4.0
4,1.0,-1.0,-0.9662874740810468,-0.2881355905434137,-0.8916065119505915,-1.0031554467542758,-5.0
5,2.0,-1.0,-0.8595844026784177,-0.8310300370449029,-0.19703528829751665,-0.9447000679759834,-6.0
6,1.0,1.0,-0.4206968808878269,0.8741966399863251,-0.32064462083141376,-0.5455463575421692,-5.0
