,ACTION,REWARD,A0,A1,A2,A3,V
0,2.0,-1.0,-1.806006399679317,-1.798111637454975,-1.199010947745882,-1.811298405050173,-1.0
1,2.0,-1.0,-1.48864108326427,-1.491910645437962,-0.9656288397565549,-1.5098397149721432,-2.0
2,1.0,-1.0,-1.1471205128457145,-0.6770564898446059,-1.1508325258063834,-1.1362510902853813,-3.0
3,0.0,-1.0,-0.939098081353159,-0.45885447902237825,-0.8693134109169454,-0.917567478214309,-4.0
4,1.0,-1.0,-1.1471205128457145,-0.6744156152573613,-1.1508325258063834,-1.1362510902853813,-5.0
5,1.0,-1.0,-0.939098081353159,-0.45692383605516335,-0.8693134109169454,-0.917567478214309,-6.0
6,2.0,-1.0,-0.8455262876041822,-0.8094492749177582,-0.2948429161181677,-0.8904536145838967,-7.0
7,1.0,1.0,-0.38132410220513446,0.817891285409214,-0.325736350512956,-0.5039534790377107,-6.0
