,ACTION,REWARD,A0,A1,A2,A3,V
0,2.0,-1.0,-1.808692256897462,-1.8144599194581978,-0.8118871862447543,-1.8162562318017137,-1.0
1,2.0,-1.0,-1.4970137401155155,-1.5087979905048468,-0.6457949474239564,-1.527644123317654,-2.0
2,1.0,-1.0,-1.1620321220090022,-0.5548683599919474,-1.1508325258063834,-1.1715940564566085,-3.0
3,2.0,-1.0,-0.9562954448953455,-0.37125311378346465,-0.8817038709573678,-0.9855448052225911,-4.0
4,1.0,-1.0,-0.6019956262841789,-0.04401935436788511,-0.6009001788974875,-0.5673811547982797,-5.0
5,1.0,1.0,-0.408909729211589,0.8858897883341719,-0.3229375108381222,-0.5258556067639995,-4.0
