,ACTION,REWARD,A0,A1,A2,A3,V
0,2.0,-1.0,-0.8739664121787405,-0.8765026818870154,-0.8764653125095734,-0.8732319338369053,-1.0
1,2.0,-1.0,-0.6339353341384226,-0.635231539638774,-0.6315290811924861,-0.6428172616436392,-2.0
2,1.0,-1.0,-0.5040103185237743,-0.511417629669588,-0.506603702137364,-0.5145949510735074,-3.0
3,1.0,-1.0,-0.41309163183636677,-0.3987803175624644,-0.40455464548231346,-0.4135208294332822,-4.0
4,0.0,-1.0,-0.28487467062331717,-0.2767927743851654,-0.27572285912338323,-0.27641608336426576,-5.0
5,1.0,-1.0,-0.41309163183636677,-0.3972740201189502,-0.40455464548231346,-0.4135208294332822,-6.0
6,2.0,-1.0,-0.28487467062331717,-0.2767927743851654,-0.2817463607147935,-0.27641608336426576,-7.0
7,1.0,1.0,-0.11639885200259141,0.12411967990915282,-0.13670625010807036,-0.10418224999820233,-6.0
