,ACTION,REWARD,A0,A1,A2,A3,V
0,2.0,-1.0,-1.8013316655269884,-1.83680108703211,-0.6661979282480497,-1.8072479819847669,-1.0
1,2.0,-1.0,-1.489343890057143,-1.518587435567746,-0.5449453973512529,-1.5205979640366662,-2.0
2,0.0,-1.0,-1.1801530532697466,-0.42121250069023475,-1.1675263581197404,-1.1787498468947366,-3.0
3,1.0,-1.0,-1.1801530532697466,-0.41956850564051873,-1.1675263581197404,-1.1787498468947366,-4.0
4,1.0,-1.0,-0.9750650352374456,-0.28422050553406114,-0.8926175817008914,-1.0113311361922648,-5.0
5,2.0,-1.0,-0.8674458087960727,-0.8310300370449029,-0.192009056050429,-0.9662286469595435,-6.0
6,1.0,1.0,-0.4259140524498616,0.8761477815699622,-0.3195257904741632,-0.5519025748836289,-5.0
