,ACTION,REWARD,A0,A1,A2,A3,V
0,2.0,-1.0,-1.806006399679317,-1.802315433817206,-1.092106071145611,-1.8139468244801074,-1.0
1,2.0,-1.0,-1.49534597543949,-1.5010954523271147,-0.8632686739518026,-1.5145901967791884,-2.0
2,1.0,-1.0,-1.1511359559932686,-0.5942984660445524,-1.1508325258063834,-1.1403057733110016,-3.0
3,1.0,-1.0,-0.939098081353159,-0.42526838430020547,-0.8693134109169454,-0.9279849268055831,-4.0
4,2.0,-1.0,-0.8455262876041822,-0.8155513143164198,-0.27877765439938607,-0.9065141321957405,-5.0
5,1.0,1.0,-0.3886753629807248,0.85707039694121,-0.325736350512956,-0.5039534790377107,-4.0
