,ACTION,REWARD,A0,A1,A2,A3,V
0,2.0,-1.0,-1.7990561658936068,-1.8536783104743861,-0.6073245967854766,-1.8049133191868076,-1.0
1,2.0,-1.0,-1.489343890057143,-1.518587435567746,-0.49927154728949164,-1.522271158963362,-2.0
2,2.0,-1.0,-1.1835358379488423,-0.37891604721550787,-1.1829247657377817,-1.1787498468947366,-3.0
3,1.0,-1.0,-0.8382456512404981,-0.7526446996082287,-0.838673680297204,-0.8506091755604672,-4.0
4,1.0,-1.0,-0.6128863360240238,0.1052444006970681,-0.6047955685896947,-0.5742775259719604,-5.0
5,1.0,1.0,-0.4309510756774198,0.8198425259267852,-0.31843405583563317,-0.5641245504808695,-4.0
