,ACTION,REWARD,A0,A1,A2,A3,V
0,2.0,-1.0,-1.8033823867865022,-1.8295549427086975,-0.6612087952687266,-1.8094051546201138,-1.0
1,2.0,-1.0,-1.489343890057143,-1.518587435567746,-0.5618338890108039,-1.5205979640366662,-2.0
2,1.0,-1.0,-1.1781435765288228,-0.43577513218498526,-1.1675263581197404,-1.1755403523236556,-3.0
3,2.0,-1.0,-0.9750650352374456,-0.27287251564153214,-0.8921791563813077,-1.0113311361922648,-4.0
4,1.0,-1.0,-0.6019956262841789,0.06398440323189855,-0.6047955685896947,-0.5673811547982797,-5.0
5,0.0,-1.0,-0.4259140524498616,0.8602726395924972,-0.3195257904741632,-0.5455463575421692,-6.0
6,1.0,-1.0,-0.6019956262841789,0.07108701295591204,-0.6047955685896947,-0.5673811547982797,-7.0
7,1.0,1.0,-0.4259140524498616,0.8616699131965723,-0.3195257904741632,-0.5455463575421692,-6.0
