,ACTION,REWARD,A0,A1,A2,A3,V
0,2.0,-1.0,-1.7939083717398505,-1.859895908606578,-0.5867917617730741,-1.802228291431724,-1.0
1,2.0,-1.0,-1.4889137906854248,-1.518587435567746,-0.4787714788703507,-1.5226935190908533,-2.0
2,1.0,-1.0,-1.1835358379488423,-0.3820784181658251,-1.187869320376878,-1.1814422433050331,-3.0
3,1.0,-1.0,-0.9898811930357083,-0.25128618262593305,-0.8930472081379851,-1.0340402324842657,-4.0
4,2.0,-1.0,-0.8782506714456814,-0.8332702555762566,-0.20976658744982576,-0.9798078306290282,-5.0
5,3.0,-1.0,-0.43558124144884536,0.8303321693480106,-0.31843405583563317,-0.5785399445090361,-6.0
6,2.0,-1.0,-0.8782506714456814,-0.8332702555762566,-0.2101959320511954,-0.9798078306290282,-7.0
7,1.0,1.0,-0.43558124144884536,0.8320288476545304,-0.31843405583563317,-0.5785399445090361,-6.0
