,ACTION,REWARD,A0,A1,A2,A3,V
0,2.0,-1.0,-1.806006399679317,-1.798111637454975,-1.2156510555652953,-1.811298405050173,-1.0
1,2.0,-1.0,-1.48864108326427,-1.4871296198745803,-0.9800475028131133,-1.5098397149721432,-2.0
2,2.0,-1.0,-1.142378843425586,-0.6850508727093789,-1.1451149618123448,-1.1362510902853813,-3.0
3,1.0,-1.0,-0.8382456512404981,-0.7965237346846588,-0.838673680297204,-0.8506091755604672,-4.0
4,1.0,-1.0,-0.6019956262841789,-0.13825279028419035,-0.595854837823865,-0.5673811547982797,-5.0
5,1.0,1.0,-0.38132410220513446,0.8295368972495218,-0.325736350512956,-0.5039534790377107,-4.0
