,ACTION,REWARD,A0,A1,A2,A3,V
0,1.0,-1.0,-1.8013316655269884,-1.83680108703211,-0.667957921234531,-1.8072479819847669,-1.0
1,2.0,-1.0,-1.3902131222349654,-1.3891576380277972,-1.3186088343688562,-1.3861809972604993,-2.0
2,1.0,-1.0,-1.123930705911272,-1.1222672343254427,-0.8988329591708045,-1.1350791179997628,-3.0
3,2.0,-1.0,-0.8271079963140558,-0.8216036432017314,-0.728951250426597,-0.820755704100323,-4.0
4,2.0,-1.0,-0.8674458087960727,-0.8310300370449029,-0.19180113817371122,-0.9662286469595435,-5.0
5,1.0,1.0,-0.4259140524498616,0.8748967490605679,-0.3195257904741632,-0.5519025748836289,-4.0
