,ACTION,REWARD,A0,A1,A2,A3,V
0,2.0,-1.0,-1.808692256897462,-1.8144599194581978,-0.8283769288857015,-1.8162562318017137,-1.0
1,1.0,-1.0,-1.4970137401155155,-1.5087979905048468,-0.6544596518706479,-1.525529605678404,-2.0
2,2.0,-1.0,-1.123930705911272,-1.116824322700294,-0.977085144468732,-1.1350791179997628,-3.0
3,1.0,-1.0,-0.9562954448953455,-0.3713651255864243,-0.8800316236593496,-0.9855448052225911,-4.0
4,3.0,-1.0,-0.8455262876041822,-0.8235801239368523,-0.23031146125494875,-0.9373113986847411,-5.0
5,2.0,-1.0,-0.8170119198386524,-0.8216036432017314,-0.7513092531210739,-0.820755704100323,-6.0
6,1.0,-1.0,-0.8455262876041822,-0.8261871844357754,-0.23031146125494875,-0.9373113986847411,-7.0
7,2.0,1.0,-0.40324267286598736,-0.39570816453140456,-0.0827147912120865,-0.4007377950987094,-6.0
