,ACTION,REWARD,A0,A1,A2,A3,V
0,2.0,-1.0,-1.8033823867865022,-1.8295549427086975,-0.6882732519820969,-1.8135722710737385,-1.0
1,0.0,-1.0,-1.489343890057143,-1.518587435567746,-0.5698520685245212,-1.5205979640366662,-2.0
2,2.0,-1.0,-1.489343890057143,-1.518587435567746,-0.5784326746421192,-1.5205979640366662,-3.0
3,1.0,-1.0,-1.1759463866222148,-0.4733911045706815,-1.1675263581197404,-1.1755403523236556,-4.0
4,1.0,-1.0,-0.961682423950622,-0.2974449745542847,-0.8916065119505915,-1.0031554467542758,-5.0
5,2.0,-1.0,-0.8595844026784177,-0.8310300370449029,-0.19640277918795826,-0.9447000679759834,-6.0
6,1.0,1.0,-0.4206968808878269,0.8849071030643885,-0.32064462083141376,-0.5455463575421692,-5.0
