,ACTION,REWARD,A0,A1,A2,A3,V
0,1.0,-1.0,-1.0350316951314384,-1.0287279457257879,-1.0330147964439753,-1.043060884260071,-1.0
1,2.0,-1.0,-0.753905064712328,-0.7487531378947159,-0.7541496802835326,-0.7554184758168211,-2.0
2,1.0,-1.0,-0.6425622320695716,-0.6418912005415163,-0.6393646104094575,-0.6407096982875982,-3.0
3,1.0,-1.0,-0.47418710008186105,-0.48197027684560595,-0.48154216219630114,-0.4834958651541603,-4.0
4,2.0,-1.0,-0.3304996550699399,-0.3330322289362947,-0.32913993638119204,-0.33164696810022376,-5.0
5,2.0,1.0,-0.1538072576679418,-0.1382342385684622,-0.026410294152078483,-0.14722545137927281,-4.0
