,ACTION,REWARD,A0,A1,A2,A3,V
0,2.0,-1.0,-1.8089955256379553,-1.8144599194581978,-0.9052434970120893,-1.8162562318017137,-1.0
1,2.0,-1.0,-1.4970137401155155,-1.5010954523271147,-0.691764482423157,-1.5232243306474738,-2.0
2,1.0,-1.0,-1.1547868889111574,-0.5817841719779355,-1.1508325258063834,-1.1627812131601833,-3.0
3,1.0,-1.0,-0.9506297846021733,-0.4123626458199937,-0.8782657186425216,-0.9477955324944848,-4.0
4,1.0,-1.0,-0.8455262876041822,-0.8235801239368523,-0.25178405804241455,-0.9297981396267377,-5.0
5,2.0,1.0,-0.40324267286598736,-0.39570816453140456,-0.09365130425463282,-0.4007377950987094,-4.0
