,ACTION,REWARD,A0,A1,A2,A3,V
0,1.0,-1.0,-1.8076635481432133,-1.8104891075124072,-1.0523262773857696,-1.8139468244801074,-1.0
1,2.0,-1.0,-1.3902131222349654,-1.3891576380277972,-1.341744780101627,-1.3861809972604993,-2.0
2,2.0,-1.0,-1.123930705911272,-1.116824322700294,-1.0360143442560312,-1.1350791179997628,-3.0
3,1.0,-1.0,-0.9449186879603042,-0.4249762178415303,-0.8761778246514285,-0.9279849268055831,-4.0
4,2.0,-1.0,-0.8455262876041822,-0.8183544445793518,-0.27541149580526525,-0.9065141321957405,-5.0
5,1.0,1.0,-0.3886753629807248,0.8203950433024472,-0.32476535343535556,-0.5187882960440333,-4.0
