,ACTION,REWARD,A0,A1,A2,A3,V
0,2.0,-1.0,-1.8069811601081947,-1.8295549427086975,-0.6978229224099455,-1.8135722710737385,-1.0
1,2.0,-1.0,-1.4891062842832548,-1.5154165242737756,-0.5836717828747006,-1.5205979640366662,-2.0
2,1.0,-1.0,-1.1759463866222148,-0.47515486016663205,-1.1675263581197404,-1.1755403523236556,-3.0
3,0.0,-1.0,-0.961682423950622,-0.30923589313191807,-0.8902357805317481,-1.0031554467542758,-4.0
4,1.0,-1.0,-1.1759463866222148,-0.473186434603153,-1.1675263581197404,-1.1755403523236556,-5.0
5,1.0,-1.0,-0.961682423950622,-0.30800627058156305,-0.8902357805317481,-1.0031554467542758,-6.0
6,2.0,-1.0,-0.8595844026784177,-0.8310300370449029,-0.20687648997115135,-0.9447000679759834,-7.0
7,1.0,1.0,-0.4206968808878269,0.8926963128397167,-0.32064462083141376,-0.5455463575421692,-6.0
