,ACTION,REWARD,A0,A1,A2,A3,V
0,2.0,-1.0,-1.806006399679317,-1.7937933509944644,-1.229644354346239,-1.811298405050173,-1.0
1,2.0,-1.0,-1.48864108326427,-1.4871296198745803,-0.9676902804492302,-1.5098397149721432,-2.0
2,1.0,-1.0,-1.1375165469718191,-0.6930513248316535,-1.1392786651840532,-1.1287427922644793,-3.0
3,1.0,-1.0,-0.932327851459149,-0.47281185192305014,-0.8693134109169454,-0.917567478214309,-4.0
4,2.0,-1.0,-0.8455262876041822,-0.8094492749177582,-0.29896056827888223,-0.8904536145838967,-5.0
5,3.0,-1.0,-0.38132410220513446,0.8393474544877987,-0.325736350512956,-0.5039534790377107,-6.0
6,2.0,-1.0,-0.8455262876041822,-0.8094492749177582,-0.29841683550570325,-0.8904536145838967,-7.0
7,1.0,1.0,-0.38132410220513446,0.8409539799429206,-0.325736350512956,-0.5039534790377107,-6.0
