,ACTION,REWARD,A0,A1,A2,A3,V
0,2.0,-1.0,-1.8089955256379553,-1.8144599194581978,-0.8677694503112238,-1.8162562318017137,-1.0
1,2.0,-1.0,-1.4970137401155155,-1.5010954523271147,-0.6772927606563499,-1.5232243306474738,-2.0
2,1.0,-1.0,-1.1547868889111574,-0.5805270908347252,-1.1508325258063834,-1.1673647701295558,-3.0
3,2.0,-1.0,-0.9506297846021733,-0.3892934083006635,-0.8800316236593496,-0.9669777996579181,-4.0
4,1.0,-1.0,-0.6019956262841789,-0.05250705940129967,-0.6009001788974875,-0.5673811547982797,-5.0
5,1.0,1.0,-0.408909729211589,0.871826125222174,-0.32414614149349075,-0.5258556067639995,-4.0
