,ACTION,REWARD,A0,A1,A2,A3,V
0,1.0,-1.0,-1.7990561658936068,-1.8536783104743861,-0.6120699769376272,-1.8049133191868076,-1.0
1,2.0,-1.0,-1.3902131222349654,-1.3931921829677436,-1.2982361582634014,-1.3861809972604993,-2.0
2,2.0,-1.0,-1.1274174654950548,-1.1222672343254427,-0.879360128129848,-1.1350791179997628,-3.0
3,1.0,-1.0,-0.9829026789626879,-0.26360105368936676,-0.8929236441861199,-1.0113311361922648,-4.0
4,2.0,-1.0,-0.8711684569401216,-0.8332702555762566,-0.18181221161461086,-0.9798078306290282,-5.0
5,1.0,1.0,-0.4309510756774198,0.854935979452504,-0.31843405583563317,-0.5641245504808695,-4.0
