,ACTION,REWARD,A0,A1,A2,A3,V
0,1.0,-1.0,-1.8076635481432133,-1.8064411427134361,-1.0553117032893466,-1.8139468244801074,-1.0
1,2.0,-1.0,-1.3902131222349654,-1.3891576380277972,-1.3458195806783821,-1.3861809972604993,-2.0
2,2.0,-1.0,-1.123930705911272,-1.116824322700294,-1.04259947000317,-1.1350791179997628,-3.0
3,0.0,-1.0,-0.9449186879603042,-0.4100812941035211,-0.8761778246514285,-0.9279849268055831,-4.0
4,1.0,-1.0,-1.1511359559932686,-0.5769653479213853,-1.1508325258063834,-1.1466425776385518,-5.0
5,1.0,-1.0,-0.9449186879603042,-0.41846543080655885,-0.8761778246514285,-0.9279849268055831,-6.0
6,2.0,-1.0,-0.8455262876041822,-0.8183544445793518,-0.2758267210691309,-0.9065141321957405,-7.0
7,1.0,1.0,-0.3886753629807248,0.8269513756784483,-0.32476535343535556,-0.5187882960440333,-6.0
