,ACTION,REWARD,A0,A1,A2,A3,V
0,2.0,-1.0,-1.808692256897462,-1.8259012662195275,-0.7462220976274285,-1.8135722710737385,-1.0
1,2.0,-1.0,-1.488354387009035,-1.5087979905048468,-0.6123325958648017,-1.5292267172689078,-2.0
2,1.0,-1.0,-1.1620321220090022,-0.5306610278851389,-1.156522425500373,-1.1755403523236556,-3.0
3,2.0,-1.0,-0.9670767981910326,-0.3399364179970225,-0.8847124101473661,-1.0031554467542758,-4.0
4,1.0,-1.0,-0.6019956262841789,-0.02919355621748621,-0.6009001788974875,-0.5673811547982797,-5.0
5,1.0,1.0,-0.408909729211589,0.8676536582990412,-0.32172485771568354,-0.5258556067639995,-4.0
