,ACTION,REWARD,A0,A1,A2,A3,V
0,2.0,-1.0,-1.808692256897462,-1.8259012662195275,-0.7501472672318948,-1.8135722710737385,-1.0
1,0.0,-1.0,-1.488354387009035,-1.5087979905048468,-0.6163319421855912,-1.5292267172689078,-2.0
2,2.0,-1.0,-1.488354387009035,-1.5087979905048468,-0.6150061154958167,-1.5292267172689078,-3.0
3,1.0,-1.0,-1.1620321220090022,-0.5352103125043568,-1.156522425500373,-1.1755403523236556,-4.0
4,1.0,-1.0,-0.9670767981910326,-0.3414110928895256,-0.8832082158728531,-1.0031554467542758,-5.0
5,2.0,-1.0,-0.8553100853309996,-0.8261871844357754,-0.21549289293246476,-0.9447000679759834,-6.0
6,1.0,1.0,-0.408909729211589,0.8649664914794828,-0.32172485771568354,-0.5258556067639995,-5.0
