,ACTION,REWARD,A0,A1,A2,A3,V
0,2.0,-1.0,-1.7990561658936068,-1.8536783104743861,-0.6057447947432272,-1.8049133191868076,-1.0
1,2.0,-1.0,-1.489343890057143,-1.518587435567746,-0.4976890762415363,-1.522271158963362,-2.0
2,1.0,-1.0,-1.1835358379488423,-0.37748143107201104,-1.1829247657377817,-1.1787498468947366,-3.0
3,1.0,-1.0,-0.9829026789626879,-0.260646418857456,-0.8929236441861199,-1.0113311361922648,-4.0
4,2.0,-1.0,-0.8711684569401216,-0.8332702555762566,-0.18374111482179908,-0.9798078306290282,-5.0
5,3.0,-1.0,-0.4309510756774198,0.8198425259267852,-0.31843405583563317,-0.570136975009457,-6.0
6,2.0,-1.0,-0.8711684569401216,-0.8332702555762566,-0.18452512094024004,-0.9798078306290282,-7.0
7,1.0,1.0,-0.4309510756774198,0.8216441006675174,-0.31843405583563317,-0.570136975009457,-6.0
