,ACTION,REWARD,A0,A1,A2,A3,V
0,3.0,-1.0,-1.0080829106226574,-1.013018806798319,-1.0114690064036909,-1.0162110528159707,-1.0
1,1.0,-1.0,-1.0080829106226574,-1.019468945233383,-1.0114690064036909,-1.0162110528159707,-2.0
2,2.0,-1.0,-0.742099304178242,-0.7341420477030368,-0.7394366280844479,-0.7369015419992776,-3.0
3,1.0,-1.0,-0.6322825085061016,-0.620193987431242,-0.631582093183305,-0.630334146010095,-4.0
4,1.0,-1.0,-0.4632377315100807,-0.4655819696198678,-0.46494691433293883,-0.4634482161043551,-5.0
5,2.0,-1.0,-0.31952577321853454,-0.32367926378460016,-0.32540717008122516,-0.3202550499338695,-6.0
6,2.0,1.0,-0.1538072576679418,-0.1382342385684622,0.003391434854536093,-0.14722545137927281,-5.0
