,ACTION,REWARD,A0,A1,A2,A3,V
0,2.0,-1.0,-1.8028352004432044,-1.789395252119832,-1.2513222645872542,-1.811298405050173,-1.0
1,0.0,-1.0,-1.48864108326427,-1.4871296198745803,-1.0036357909805436,-1.5098397149721432,-2.0
2,2.0,-1.0,-1.48864108326427,-1.4871296198745803,-1.0002331360480554,-1.5098397149721432,-3.0
3,1.0,-1.0,-1.1323323485431978,-0.7342750172437862,-1.1392786651840532,-1.1287427922644793,-4.0
4,1.0,-1.0,-0.932327851459149,-0.5052336231457171,-0.8665720275830446,-0.917567478214309,-5.0
5,2.0,-1.0,-0.8455262876041822,-0.8061435600171735,-0.30894352133443814,-0.8904536145838967,-6.0
6,1.0,1.0,-0.38132410220513446,0.8580102695184696,-0.32727893879634073,-0.48838829830702707,-5.0
