,ACTION,REWARD,A0,A1,A2,A3,V
0,2.0,-1.0,-1.8033823867865022,-1.8295549427086975,-0.6614457613341164,-1.8115275294599682,-1.0
1,2.0,-1.0,-1.489343890057143,-1.518587435567746,-0.5726371427516689,-1.5205979640366662,-2.0
2,1.0,-1.0,-1.1759463866222148,-0.46577195485764183,-1.1675263581197404,-1.1755403523236556,-3.0
3,0.0,-1.0,-0.970816546933955,-0.2870966527042045,-0.8916065119505915,-1.0113311361922648,-4.0
4,1.0,-1.0,-1.1759463866222148,-0.46369810518340326,-1.1675263581197404,-1.1755403523236556,-5.0
5,1.0,-1.0,-0.970816546933955,-0.2860075178594341,-0.8916065119505915,-1.0113311361922648,-6.0
6,2.0,-1.0,-0.8635823359914687,-0.8310300370449029,-0.19804624449682867,-0.951965689099079,-7.0
7,1.0,1.0,-0.4206968808878269,0.8850764608361142,-0.3195257904741632,-0.5455463575421692,-6.0
