,ACTION,REWARD,A0,A1,A2,A3,V
0,2.0,-1.0,-1.7965647371289546,-1.859895908606578,-0.577087584493066,-1.802228291431724,-1.0
1,2.0,-1.0,-1.4889137906854248,-1.518587435567746,-0.4882829678039002,-1.5226935190908533,-2.0
2,1.0,-1.0,-1.1835358379488423,-0.38317120745849986,-1.187869320376878,-1.1814422433050331,-3.0
3,1.0,-1.0,-0.9898811930357083,-0.2559696006951805,-0.8930472081379851,-1.0265655025074663,-4.0
4,2.0,-1.0,-0.8782506714456814,-0.8332702555762566,-0.20514747657049803,-0.9798078306290282,-5.0
5,3.0,-1.0,-0.43558124144884536,0.8179657348779363,-0.31843405583563317,-0.5762819325484969,-6.0
6,2.0,-1.0,-0.8782506714456814,-0.8332702555762566,-0.2057343101908916,-0.9798078306290282,-7.0
7,1.0,1.0,-0.43558124144884536,0.819786077529157,-0.31843405583563317,-0.5762819325484969,-6.0
