,ACTION,REWARD,A0,A1,A2,A3,V
0,2.0,-1.0,-1.806006399679317,-1.798111637454975,-1.1660051940179783,-1.8139468244801074,-1.0
1,2.0,-1.0,-1.4923808837380874,-1.491910645437962,-0.9273435829754434,-1.5098397149721432,-2.0
2,1.0,-1.0,-1.1471205128457145,-0.6581180985733738,-1.1508325258063834,-1.1333256607295068,-3.0
3,1.0,-1.0,-0.939098081353159,-0.4484881323692531,-0.8693134109169454,-0.9279849268055831,-4.0
4,3.0,-1.0,-0.8455262876041822,-0.8126182611643296,-0.2920113471092843,-0.8985475085506575,-5.0
5,2.0,-1.0,-0.8170119198386524,-0.8146769568993094,-0.7724554145099574,-0.820755704100323,-6.0
6,2.0,-1.0,-0.8455262876041822,-0.8126182611643296,-0.29160359228997107,-0.8985475085506575,-7.0
7,1.0,1.0,-0.38132410220513446,0.8336405483042412,-0.325736350512956,-0.5039534790377107,-6.0
