,ACTION,REWARD,A0,A1,A2,A3,V
0,0.0,-1.0,-1.7939083717398505,-1.859895908606578,-0.5899202202428341,-1.802228291431724,-1.0
1,2.0,-1.0,-1.7939083717398505,-1.859895908606578,-0.5883542253864279,-1.802228291431724,-2.0
2,2.0,-1.0,-1.4889137906854248,-1.518587435567746,-0.48011984894561105,-1.5226935190908533,-3.0
3,1.0,-1.0,-1.1835358379488423,-0.3836476015773107,-1.187869320376878,-1.1814422433050331,-4.0
4,1.0,-1.0,-0.9898811930357083,-0.2519214004763882,-0.8930472081379851,-1.0340402324842657,-5.0
5,2.0,-1.0,-0.8782506714456814,-0.8332702555762566,-0.20933290603430088,-0.9798078306290282,-6.0
6,1.0,1.0,-0.43558124144884536,0.8303321693480106,-0.31843405583563317,-0.572375803254533,-5.0
