,ACTION,REWARD,A0,A1,A2,A3,V
0,2.0,-1.0,-1.8028352004432044,-1.7849166753231136,-1.3451041579040923,-1.811298405050173,-1.0
1,2.0,-1.0,-1.4800350303486456,-1.4871296198745803,-1.0673808803617402,-1.5032152617847478,-2.0
2,0.0,-1.0,-1.1323323485431978,-0.7893297460499319,-1.1272480411768953,-1.120542384790151,-3.0
3,1.0,-1.0,-1.1323323485431978,-0.7862891271658807,-1.1272480411768953,-1.120542384790151,-4.0
4,1.0,-1.0,-0.932327851459149,-0.5368256836671189,-0.8665720275830446,-0.917567478214309,-5.0
5,2.0,-1.0,-0.8455262876041822,-0.8061435600171735,-0.3356790594637455,-0.8822342096112689,-6.0
6,1.0,1.0,-0.38132410220513446,0.8608905785650376,-0.32727893879634073,-0.48838829830702707,-5.0
