,ACTION,REWARD,A0,A1,A2,A3,V
0,2.0,-1.0,-1.808692256897462,-1.8144599194581978,-0.8279898221759296,-1.8162562318017137,-1.0
1,2.0,-1.0,-1.4970137401155155,-1.5010954523271147,-0.6587472994261311,-1.525529605678404,-2.0
2,0.0,-1.0,-1.1620321220090022,-0.575540310174719,-1.1508325258063834,-1.1673647701295558,-3.0
3,1.0,-1.0,-1.1620321220090022,-0.5731113115016885,-1.1508325258063834,-1.1673647701295558,-4.0
4,1.0,-1.0,-0.9562954448953455,-0.3679841055473499,-0.8800316236593496,-0.9855448052225911,-5.0
5,2.0,-1.0,-0.8455262876041822,-0.8235801239368523,-0.23089359577889937,-0.9297981396267377,-6.0
6,1.0,1.0,-0.408909729211589,0.8750869652651286,-0.3229375108381222,-0.5258556067639995,-5.0
