,ACTION,REWARD,A0,A1,A2,A3,V
0,2.0,-1.0,-1.808692256897462,-1.8144599194581978,-0.8497007711643861,-1.8162562318017137,-1.0
1,2.0,-1.0,-1.4970137401155155,-1.5010954523271147,-0.6706536261336392,-1.5232243306474738,-2.0
2,1.0,-1.0,-1.1547868889111574,-0.5746620154659896,-1.1508325258063834,-1.1673647701295558,-3.0
3,0.0,-1.0,-0.9562954448953455,-0.37265866189835506,-0.8800316236593496,-0.9855448052225911,-4.0
4,1.0,-1.0,-1.1547868889111574,-0.572269323268415,-1.1508325258063834,-1.1673647701295558,-5.0
5,1.0,-1.0,-0.9562954448953455,-0.37102776765483253,-0.8800316236593496,-0.9855448052225911,-6.0
6,2.0,-1.0,-0.8455262876041822,-0.8235801239368523,-0.23256942469421119,-0.9297981396267377,-7.0
7,1.0,1.0,-0.408909729211589,0.885241026714846,-0.32414614149349075,-0.5258556067639995,-6.0
