,ACTION,REWARD,A0,A1,A2,A3,V
0,2.0,-1.0,-1.8076635481432133,-1.8104891075124072,-1.0516945655684498,-1.8139468244801074,-1.0
1,2.0,-1.0,-1.49534597543949,-1.5010954523271147,-0.8252913645174211,-1.5145901967791884,-2.0
2,1.0,-1.0,-1.1511359559932686,-0.5892953870535259,-1.1508325258063834,-1.1466425776385518,-3.0
3,1.0,-1.0,-0.9506297846021733,-0.41292615716300224,-0.8761778246514285,-0.9279849268055831,-4.0
4,2.0,-1.0,-0.8455262876041822,-0.8183544445793518,-0.2746614650838467,-0.9065141321957405,-5.0
5,1.0,1.0,-0.3886753629807248,0.8231816420558656,-0.32476535343535556,-0.5187882960440333,-4.0
