,ACTION,REWARD,A0,A1,A2,A3,V
0,2.0,-1.0,-1.8013316655269884,-1.8295549427086975,-0.6714855144811561,-1.8072479819847669,-1.0
1,2.0,-1.0,-1.489343890057143,-1.518587435567746,-0.5516553438130589,-1.5205979640366662,-2.0
2,3.0,-1.0,-1.1781435765288228,-0.42637211484576115,-1.1675263581197404,-1.1787498468947366,-3.0
3,2.0,-1.0,-1.489343890057143,-1.518587435567746,-0.5499761394085402,-1.5205979640366662,-4.0
4,1.0,-1.0,-1.1781435765288228,-0.42461342332938046,-1.1675263581197404,-1.1787498468947366,-5.0
5,1.0,-1.0,-0.9750650352374456,-0.2773620324417005,-0.8921791563813077,-1.0113311361922648,-6.0
6,2.0,-1.0,-0.8674458087960727,-0.8310300370449029,-0.2011489752819748,-0.9662286469595435,-7.0
7,1.0,1.0,-0.4259140524498616,0.8697649692096554,-0.3195257904741632,-0.5455463575421692,-6.0
