,ACTION,REWARD,A0,A1,A2,A3,V
0,2.0,-1.0,-1.806006399679317,-1.7937933509944644,-1.2189874569992998,-1.811298405050173,-1.0
1,2.0,-1.0,-1.48864108326427,-1.4871296198745803,-0.9773028826163205,-1.5098397149721432,-2.0
2,3.0,-1.0,-1.142378843425586,-0.6877092824324483,-1.1392786651840532,-1.1362510902853813,-3.0
3,2.0,-1.0,-1.48864108326427,-1.4871296198745803,-0.9837192373320494,-1.5098397149721432,-4.0
4,1.0,-1.0,-1.142378843425586,-0.6850508727093789,-1.1392786651840532,-1.1362510902853813,-5.0
5,1.0,-1.0,-0.932327851459149,-0.46673248400306555,-0.8693134109169454,-0.917567478214309,-6.0
6,2.0,-1.0,-0.8455262876041822,-0.8094492749177582,-0.29708884418931286,-0.8904536145838967,-7.0
7,1.0,1.0,-0.38132410220513446,0.826075805784636,-0.325736350512956,-0.5039534790377107,-6.0
