,ACTION,REWARD,A0,A1,A2,A3,V
0,2.0,-1.0,-1.1729542118608516,-1.1720626718074196,-1.1709522839991922,-1.1709164173281412,-1.0
1,0.0,-1.0,-0.8784303018592046,-0.8800236749835892,-0.8706478970095813,-0.8766405398527897,-2.0
2,2.0,-1.0,-0.8784303018592046,-0.8800236749835892,-0.8786148817248016,-0.8766405398527897,-3.0
3,1.0,-1.0,-0.7447400327905315,-0.7491791347182973,-0.7451545189752068,-0.7462208981782967,-4.0
4,1.0,-1.0,-0.5681533681498606,-0.5743339867186843,-0.5693855520321285,-0.5716591623710072,-5.0
5,2.0,-1.0,-0.4155155059185732,-0.40381206375512474,-0.39053843571203034,-0.4007596868544547,-6.0
6,1.0,1.0,-0.1425478446681857,-0.13813155804773472,-0.13670625010807036,-0.14015722701430874,-5.0
