,ACTION,REWARD,A0,A1,A2,A3,V
0,2.0,-1.0,-1.7939083717398505,-1.859895908606578,-0.5821259554632398,-1.802228291431724,-1.0
1,2.0,-1.0,-1.4889137906854248,-1.518587435567746,-0.474901118882608,-1.5226935190908533,-2.0
2,1.0,-1.0,-1.1835358379488423,-0.38723178821920085,-1.187869320376878,-1.1814422433050331,-3.0
3,3.0,-1.0,-0.9898811930357083,-0.2500538847641693,-0.8930472081379851,-1.0413834874938703,-4.0
4,2.0,-1.0,-1.1274174654950548,-1.1274567060867522,-0.8474527917520756,-1.1350791179997628,-5.0
5,1.0,-1.0,-0.9898811930357083,-0.24945231242697116,-0.8930472081379851,-1.0413834874938703,-6.0
6,2.0,-1.0,-0.8782506714456814,-0.8332702555762566,-0.2113679728865153,-0.9863742940655784,-7.0
7,1.0,1.0,-0.43558124144884536,0.8370177588503432,-0.31843405583563317,-0.5785399445090361,-6.0
