,ACTION,REWARD,A0,A1,A2,A3,V
0,2.0,-1.0,-1.8028352004432044,-1.7904579385626358,-1.4150342383033552,-1.806877140450971,-1.0
1,2.0,-1.0,-1.4800350303486456,-1.4871296198745803,-1.1391477057928536,-1.5032152617847478,-2.0
2,1.0,-1.0,-1.1264933139684328,-0.8244588654929821,-1.1272480411768953,-1.1116189366494327,-3.0
3,0.0,-1.0,-0.932327851459149,-0.5706174341259246,-0.8665720275830446,-0.917567478214309,-4.0
4,1.0,-1.0,-1.1264933139684328,-0.8213498337451856,-1.1272480411768953,-1.1116189366494327,-5.0
5,1.0,-1.0,-0.932327851459149,-0.5681524619365487,-0.8665720275830446,-0.917567478214309,-6.0
6,2.0,-1.0,-0.832006021713377,-0.8061435600171735,-0.3587653933274496,-0.8822342096112689,-7.0
7,1.0,1.0,-0.3733932025909321,0.8643527717687159,-0.3293225649896934,-0.48838829830702707,-6.0
