,ACTION,REWARD,A0,A1,A2,A3,V
0,2.0,-1.0,-1.8069811601081947,-1.8295549427086975,-0.7012829657643233,-1.8135722710737385,-1.0
1,2.0,-1.0,-1.4891062842832548,-1.5154165242737756,-0.5868035391502858,-1.5205979640366662,-2.0
2,1.0,-1.0,-1.1759463866222148,-0.4771431688166109,-1.162087009515606,-1.1755403523236556,-3.0
3,1.0,-1.0,-0.9670767981910326,-0.30923589313191807,-0.8902357805317481,-1.0031554467542758,-4.0
4,2.0,-1.0,-0.8595844026784177,-0.8310300370449029,-0.20697070899601805,-0.9447000679759834,-5.0
5,1.0,1.0,-0.4206968808878269,0.8905176133452879,-0.32064462083141376,-0.5455463575421692,-4.0
