,ACTION,REWARD,A0,A1,A2,A3,V
0,2.0,-1.0,-1.8013316655269884,-1.8437650296237174,-0.637535224654264,-1.8072479819847669,-1.0
1,2.0,-1.0,-1.489343890057143,-1.518587435567746,-0.5304559476938809,-1.5213720235746948,-2.0
2,1.0,-1.0,-1.1819256486792968,-0.39119903742134077,-1.1728379637596724,-1.1787498468947366,-3.0
3,1.0,-1.0,-0.9829026789626879,-0.27153911205311804,-0.8929236441861199,-1.0113311361922648,-4.0
4,2.0,-1.0,-0.8674458087960727,-0.8332702555762566,-0.18292742605855294,-0.9798078306290282,-5.0
5,1.0,1.0,-0.4309510756774198,0.8491508603897028,-0.31843405583563317,-0.5641245504808695,-4.0
