,ACTION,REWARD,A0,A1,A2,A3,V
0,0.0,-1.0,-1.8076635481432133,-1.802315433817206,-1.0796902734099427,-1.8139468244801074,-1.0
1,2.0,-1.0,-1.8076635481432133,-1.802315433817206,-1.0766042460385512,-1.8139468244801074,-2.0
2,2.0,-1.0,-1.49534597543949,-1.5010954523271147,-0.8534695291457808,-1.5145901967791884,-3.0
3,1.0,-1.0,-1.1511359559932686,-0.5838369844604328,-1.1508325258063834,-1.1466425776385518,-4.0
4,1.0,-1.0,-0.939098081353159,-0.41837011320252515,-0.8717044304986986,-0.9279849268055831,-5.0
5,2.0,-1.0,-0.8455262876041822,-0.8155513143164198,-0.2772297570175355,-0.9065141321957405,-6.0
6,1.0,1.0,-0.3886753629807248,0.8250673896549342,-0.32476535343535556,-0.5114152378782664,-5.0
