,ACTION,REWARD,A0,A1,A2,A3,V
0,2.0,-1.0,-1.806006399679317,-1.798111637454975,-1.189114847146746,-1.8139468244801074,-1.0
1,0.0,-1.0,-1.4923808837380874,-1.491910645437962,-0.9584679229400062,-1.5098397149721432,-2.0
2,2.0,-1.0,-1.4923808837380874,-1.491910645437962,-0.9549056927965421,-1.5098397149721432,-3.0
3,1.0,-1.0,-1.1471205128457145,-0.6665473795825628,-1.1508325258063834,-1.1362510902853813,-4.0
4,1.0,-1.0,-0.939098081353159,-0.4512257107303183,-0.8693134109169454,-0.917567478214309,-5.0
5,2.0,-1.0,-0.8455262876041822,-0.8094492749177582,-0.2938749749481436,-0.8904536145838967,-6.0
6,1.0,1.0,-0.38132410220513446,0.8233000963412749,-0.325736350512956,-0.5039534790377107,-5.0
