,ACTION,REWARD,A0,A1,A2,A3,V
0,0.0,-1.0,-1.7990561658936068,-1.8437650296237174,-0.637535224654264,-1.8072479819847669,-1.0
1,3.0,-1.0,-1.7990561658936068,-1.8437650296237174,-0.637535224654264,-1.8049133191868076,-2.0
2,2.0,-1.0,-1.7990561658936068,-1.8437650296237174,-0.6359339759369663,-1.8049133191868076,-3.0
3,2.0,-1.0,-1.489343890057143,-1.518587435567746,-0.5286721795537342,-1.5213720235746948,-4.0
4,1.0,-1.0,-1.1819256486792968,-0.38973089905560543,-1.1728379637596724,-1.1787498468947366,-5.0
5,1.0,-1.0,-0.9829026789626879,-0.27047006776711385,-0.8929236441861199,-1.0113311361922648,-6.0
6,2.0,-1.0,-0.8674458087960727,-0.8332702555762566,-0.18345579405446008,-0.9798078306290282,-7.0
7,1.0,1.0,-0.4309510756774198,0.8506593517858058,-0.31843405583563317,-0.5641245504808695,-6.0
