,ACTION,REWARD,A0,A1,A2,A3,V
0,2.0,-1.0,-1.8028352004432044,-1.7904579385626358,-1.4400357298623219,-1.806877140450971,-1.0
1,2.0,-1.0,-1.4742353994052686,-1.4871296198745803,-1.1653055377436945,-1.5032152617847478,-2.0
2,1.0,-1.0,-1.1264933139684328,-0.8532419275718796,-1.1272480411768953,-1.1116189366494327,-3.0
3,1.0,-1.0,-0.92414921380779,-0.5882308893898075,-0.8735554394264181,-0.917567478214309,-4.0
4,2.0,-1.0,-0.832006021713377,-0.8061435600171735,-0.3696444086596339,-0.8738901451087134,-5.0
5,1.0,1.0,-0.3733932025909321,0.851511037580368,-0.3293225649896934,-0.48838829830702707,-4.0
