,ACTION,REWARD,A0,A1,A2,A3,V
0,2.0,-1.0,-1.8028352004432044,-1.7849166753231136,-1.364417667728968,-1.811298405050173,-1.0
1,2.0,-1.0,-1.4800350303486456,-1.4871296198745803,-1.0854974178164603,-1.5032152617847478,-2.0
2,1.0,-1.0,-1.1264933139684328,-0.8015831175508951,-1.1272480411768953,-1.120542384790151,-3.0
3,1.0,-1.0,-0.932327851459149,-0.5487697304381999,-0.8665720275830446,-0.917567478214309,-4.0
4,2.0,-1.0,-0.8455262876041822,-0.8061435600171735,-0.3411759239416774,-0.8822342096112689,-5.0
5,1.0,1.0,-0.3733932025909321,0.8537214753723341,-0.32727893879634073,-0.48838829830702707,-4.0
