,ACTION,REWARD,A0,A1,A2,A3,V
0,2.0,-1.0,-1.8013316655269884,-1.8403005556711087,-0.659583845778551,-1.8072479819847669,-1.0
1,2.0,-1.0,-1.489343890057143,-1.518587435567746,-0.5592876358781829,-1.5213720235746948,-2.0
2,1.0,-1.0,-1.1801530532697466,-0.41455120723287686,-1.1675263581197404,-1.1787498468947366,-3.0
3,0.0,-1.0,-0.979045345750167,-0.2844689647526609,-0.8926175817008914,-1.0113311361922648,-4.0
4,1.0,-1.0,-1.1801530532697466,-0.41296591584332204,-1.1675263581197404,-1.1787498468947366,-5.0
5,1.0,-1.0,-0.979045345750167,-0.2833795864417504,-0.8926175817008914,-1.0113311361922648,-6.0
6,2.0,-1.0,-0.8674458087960727,-0.8332702555762566,-0.19536785835619547,-0.9662286469595435,-7.0
7,1.0,1.0,-0.4309510756774198,0.8588027538728996,-0.31843405583563317,-0.5519025748836289,-6.0
