,ACTION,REWARD,A0,A1,A2,A3,V
0,2.0,-1.0,-1.806006399679317,-1.798111637454975,-1.2123149725349605,-1.811298405050173,-1.0
1,2.0,-1.0,-1.48864108326427,-1.4871296198745803,-0.9764124856393666,-1.5098397149721432,-2.0
2,0.0,-1.0,-1.1471205128457145,-0.6850508727093789,-1.1451149618123448,-1.1362510902853813,-3.0
3,1.0,-1.0,-1.1471205128457145,-0.6823830146111318,-1.1451149618123448,-1.1362510902853813,-4.0
4,1.0,-1.0,-0.932327851459149,-0.4627617186345896,-0.8693134109169454,-0.917567478214309,-5.0
5,2.0,-1.0,-0.8455262876041822,-0.8094492749177582,-0.29625060868515873,-0.8904536145838967,-6.0
6,1.0,1.0,-0.38132410220513446,0.8312415282770266,-0.325736350512956,-0.5039534790377107,-5.0
