,ACTION,REWARD,A0,A1,A2,A3,V
0,2.0,-1.0,-1.808692256897462,-1.8295549427086975,-0.7295168099223968,-1.8135722710737385,-1.0
1,2.0,-1.0,-1.488354387009035,-1.5087979905048468,-0.615345567094936,-1.5205979640366662,-2.0
2,1.0,-1.0,-1.1650467759419405,-0.49766711661262025,-1.162087009515606,-1.1755403523236556,-3.0
3,1.0,-1.0,-0.9670767981910326,-0.3180951810857383,-0.8871694703505528,-1.0031554467542758,-4.0
4,1.0,-1.0,-0.8553100853309996,-0.8286697457123264,-0.20611724994157615,-0.9447000679759834,-5.0
5,2.0,1.0,-0.40324267286598736,-0.39570816453140456,-0.07188764329996564,-0.4007377950987094,-4.0
