,ACTION,REWARD,A0,A1,A2,A3,V
0,2.0,-1.0,-1.8033823867865022,-1.8295549427086975,-0.6627646726972157,-1.8094051546201138,-1.0
1,2.0,-1.0,-1.489343890057143,-1.518587435567746,-0.5635299220536659,-1.5205979640366662,-2.0
2,1.0,-1.0,-1.1759463866222148,-0.4396281969811217,-1.1675263581197404,-1.1755403523236556,-3.0
3,0.0,-1.0,-0.9750650352374456,-0.27381410583772003,-0.8916065119505915,-1.0113311361922648,-4.0
4,0.0,-1.0,-1.1781435765288228,-0.4396281969811217,-1.1675263581197404,-1.1755403523236556,-5.0
5,1.0,-1.0,-1.1781435765288228,-0.43769624196385,-1.1675263581197404,-1.1755403523236556,-6.0
6,1.0,-1.0,-0.9750650352374456,-0.27287251564153214,-0.8916065119505915,-1.0113311361922648,-7.0
7,2.0,-1.0,-0.8674458087960727,-0.8310300370449029,-0.19989084357180428,-0.9591586540109436,-8.0
8,1.0,1.0,-0.4206968808878269,0.8602726395924972,-0.3195257904741632,-0.5455463575421692,-7.0
