,ACTION,REWARD,A0,A1,A2,A3,V
0,2.0,-1.0,-1.806006399679317,-1.798111637454975,-1.2023112298314953,-1.811298405050173,-1.0
1,1.0,-1.0,-1.48864108326427,-1.491910645437962,-0.9692033569668286,-1.5098397149721432,-2.0
2,3.0,-1.0,-1.123930705911272,-1.116824322700294,-1.0724801957919423,-1.1350791179997628,-3.0
3,2.0,-1.0,-1.3902131222349654,-1.3891576380277972,-1.3538791929756466,-1.3861809972604993,-4.0
4,2.0,-1.0,-1.123930705911272,-1.116824322700294,-1.0659025970463605,-1.1350791179997628,-5.0
5,1.0,-1.0,-0.932327851459149,-0.45885447902237825,-0.8693134109169454,-0.917567478214309,-6.0
6,2.0,-1.0,-0.8455262876041822,-0.8094492749177582,-0.2953224247787664,-0.8904536145838967,-7.0
7,1.0,1.0,-0.38132410220513446,0.8362538236456707,-0.325736350512956,-0.5039534790377107,-6.0
