,ACTION,REWARD,A0,A1,A2,A3,V
0,2.0,-1.0,-1.808692256897462,-1.8144599194581978,-0.8034188504320388,-1.8162562318017137,-1.0
1,2.0,-1.0,-1.4970137401155155,-1.5087979905048468,-0.634657608691126,-1.527644123317654,-2.0
2,2.0,-1.0,-1.1620321220090022,-0.5565751018985984,-1.156522425500373,-1.1715940564566085,-3.0
3,1.0,-1.0,-0.8382456512404981,-0.7922009189151772,-0.838673680297204,-0.8506091755604672,-4.0
4,1.0,-1.0,-0.6019956262841789,-0.03570929167323071,-0.6009001788974875,-0.5673811547982797,-5.0
5,1.0,1.0,-0.408909729211589,0.8756856066073101,-0.32172485771568354,-0.5258556067639995,-4.0
