,ACTION,REWARD,A0,A1,A2,A3,V
0,0.0,-1.0,-1.8088337835442068,-1.8144599194581978,-1.0274300980472855,-1.8139468244801074,-1.0
1,2.0,-1.0,-1.8088337835442068,-1.8144599194581978,-1.0243479546980538,-1.8139468244801074,-2.0
2,2.0,-1.0,-1.49534597543949,-1.5010954523271147,-0.796275742128219,-1.5232243306474738,-3.0
3,1.0,-1.0,-1.1511359559932686,-0.569071560117978,-1.1508325258063834,-1.1466425776385518,-4.0
4,1.0,-1.0,-0.9506297846021733,-0.4256577750401882,-0.8782657186425216,-0.9379694123635787,-5.0
5,1.0,-1.0,-0.8455262876041822,-0.8210299571055935,-0.2731923690119332,-0.9221618628394344,-6.0
6,2.0,1.0,-0.40324267286598736,-0.39570816453140456,-0.08449626692387154,-0.4007377950987094,-5.0
