,ACTION,REWARD,A0,A1,A2,A3,V
0,2.0,-1.0,-1.808692256897462,-1.8144599194581978,-0.8188681884482252,-1.8162562318017137,-1.0
1,3.0,-1.0,-1.4970137401155155,-1.5087979905048468,-0.650153974492514,-1.527644123317654,-2.0
2,2.0,-1.0,-1.808692256897462,-1.8144599194581978,-0.8165308923341755,-1.8162562318017137,-3.0
3,2.0,-1.0,-1.4970137401155155,-1.5087979905048468,-0.6487066509770102,-1.527644123317654,-4.0
4,1.0,-1.0,-1.1620321220090022,-0.5593351557849787,-1.1508325258063834,-1.1715940564566085,-5.0
5,1.0,-1.0,-0.9562954448953455,-0.37291759630061805,-0.8800316236593496,-0.9855448052225911,-6.0
6,2.0,-1.0,-0.8504885432254771,-0.8261871844357754,-0.22941038287252885,-0.9373113986847411,-7.0
7,1.0,1.0,-0.408909729211589,0.8835728888217242,-0.3229375108381222,-0.5258556067639995,-6.0
