,ACTION,REWARD,A0,A1,A2,A3,V
0,1.0,-1.0,-0.8648312434221627,-0.8693614500143424,-0.8552855455911562,-0.8640960298667721,-1.0
1,1.0,-1.0,-0.6602357950175164,-0.654267439911209,-0.6498062932407356,-0.6531906246438481,-2.0
2,0.0,-1.0,-0.471408378167912,-0.46591877395628273,-0.4663252666995545,-0.46578374202024225,-3.0
3,2.0,-1.0,-0.6602357950175164,-0.654267439911209,-0.6483162636462708,-0.6531906246438481,-4.0
4,1.0,-1.0,-0.5608971962538566,-0.5544934295818085,-0.5602869342929921,-0.5577930426048034,-5.0
5,2.0,-1.0,-0.40739335202784416,-0.4063196285325754,-0.4095064008277678,-0.40287185963061706,-6.0
6,1.0,-1.0,-0.2740259068335909,-0.2767927743851654,-0.27572285912338323,-0.27641608336426576,-7.0
7,2.0,1.0,-0.1538072576679418,-0.1382342385684622,0.09647962021232964,-0.14722545137927281,-6.0
