,ACTION,REWARD,A0,A1,A2,A3,V
0,2.0,-1.0,-1.808692256897462,-1.8144599194581978,-0.8307947394129956,-1.8162562318017137,-1.0
1,2.0,-1.0,-1.4970137401155155,-1.5049958770798497,-0.6558815587053664,-1.525529605678404,-2.0
2,3.0,-1.0,-1.1620321220090022,-0.5707676391483566,-1.1508325258063834,-1.1715940564566085,-3.0
3,2.0,-1.0,-1.4970137401155155,-1.5049958770798497,-0.6544596518706479,-1.525529605678404,-4.0
4,1.0,-1.0,-1.1620321220090022,-0.568432216529989,-1.1508325258063834,-1.1715940564566085,-5.0
5,1.0,-1.0,-0.9562954448953455,-0.37302254791427253,-0.8800316236593496,-0.9855448052225911,-6.0
6,2.0,-1.0,-0.8455262876041822,-0.8235801239368523,-0.23031146125494875,-0.9297981396267377,-7.0
7,1.0,1.0,-0.408909729211589,0.8787970073097892,-0.3229375108381222,-0.5258556067639995,-6.0
