,ACTION,REWARD,A0,A1,A2,A3,V
0,0.0,-1.0,-1.806006399679317,-1.7937933509944644,-1.244394582282741,-1.811298405050173,-1.0
1,2.0,-1.0,-1.806006399679317,-1.7937933509944644,-1.241070822616082,-1.811298405050173,-2.0
2,2.0,-1.0,-1.48864108326427,-1.4871296198745803,-1.009778333316412,-1.5098397149721432,-3.0
3,1.0,-1.0,-1.1323323485431978,-0.7258503524044843,-1.1392786651840532,-1.1287427922644793,-4.0
4,1.0,-1.0,-0.932327851459149,-0.4962379522142164,-0.8665720275830446,-0.917567478214309,-5.0
5,2.0,-1.0,-0.8455262876041822,-0.8061435600171735,-0.3056701226750851,-0.8904536145838967,-6.0
6,1.0,1.0,-0.38132410220513446,0.8436052314384666,-0.32727893879634073,-0.48838829830702707,-5.0
