,ACTION,REWARD,A0,A1,A2,A3,V
0,1.0,-1.0,-1.1210185802933779,-1.1210752614067843,-1.1183201676567232,-1.1200632941046027,-1.0
1,2.0,-1.0,-0.8487258261842522,-0.8474045523185542,-0.8521710777234006,-0.853222243760407,-2.0
2,2.0,-1.0,-0.7141382713840246,-0.7139799411887952,-0.7184470378630713,-0.7139059853140451,-3.0
3,2.0,-1.0,-0.5237800758736995,-0.5199165113710509,-0.5270706977908796,-0.526833942677407,-4.0
4,3.0,-1.0,-0.42370435954662666,-0.4202774976297756,-0.41835673740584256,-0.4274352428731653,-5.0
5,1.0,-1.0,-0.5237800758736995,-0.5180479739937786,-0.5270706977908796,-0.526833942677407,-6.0
6,1.0,-1.0,-0.3827718769521541,-0.367602274329495,-0.3805709456978888,-0.38787878038450513,-7.0
7,2.0,1.0,-0.17695007754865502,-0.1382342385684622,-0.1456545653430676,-0.14722545137927281,-6.0
