,ACTION,REWARD,A0,A1,A2,A3,V
0,2.0,-1.0,-1.7990561658936068,-1.8504531728792204,-0.6279123294975258,-1.8049133191868076,-1.0
1,3.0,-1.0,-1.489343890057143,-1.518587435567746,-0.5215830988123227,-1.522271158963362,-2.0
2,2.0,-1.0,-1.7990561658936068,-1.8504531728792204,-0.6263274540918615,-1.8049133191868076,-3.0
3,2.0,-1.0,-1.489343890057143,-1.518587435567746,-0.5198221289188999,-1.522271158963362,-4.0
4,1.0,-1.0,-1.1819256486792968,-0.38241396978872894,-1.1728379637596724,-1.1787498468947366,-5.0
5,1.0,-1.0,-0.9829026789626879,-0.27329982124444135,-0.8929236441861199,-1.0113311361922648,-6.0
6,2.0,-1.0,-0.8711684569401216,-0.8332702555762566,-0.17652113286162716,-0.9798078306290282,-7.0
7,1.0,1.0,-0.4309510756774198,0.8395987442076582,-0.31843405583563317,-0.5641245504808695,-6.0
