,ACTION,REWARD,A0,A1,A2,A3,V
0,2.0,-1.0,-1.156440053858706,-1.156109916755494,-1.1563022270044092,-1.1532317275515167,-1.0
1,2.0,-1.0,-0.8601597612218871,-0.8557081408741314,-0.8626551691261534,-0.8648009973015617,-2.0
2,2.0,-1.0,-0.7354755082988303,-0.7338614616245583,-0.7371395844521637,-0.7358041502431049,-3.0
3,2.0,-1.0,-0.5991662363095684,-0.5984811519516419,-0.6057862017559907,-0.5974327158054974,-4.0
4,3.0,-1.0,-0.5991662363095684,-0.5984811519516419,-0.6057862017559907,-0.6080631418020634,-5.0
5,1.0,-1.0,-0.7354755082988303,-0.7414959650351205,-0.7371395844521637,-0.7358041502431049,-6.0
6,2.0,-1.0,-0.5570900120098901,-0.558449321117817,-0.5609719578366407,-0.5605246010472691,-7.0
7,1.0,-1.0,-0.43655276531048787,-0.4474854354376512,-0.437472336097672,-0.43804187092790453,-8.0
8,1.0,1.0,-0.1425478446681857,-0.11391657374241336,-0.13670625010807036,-0.14015722701430874,-7.0
