,ACTION,REWARD,A0,A1,A2,A3,V
0,2.0,-1.0,-1.8076635481432133,-1.8144599194581978,-1.0554468120521445,-1.8139468244801074,-1.0
1,2.0,-1.0,-1.49534597543949,-1.5010954523271147,-0.8223421093557286,-1.5189717419911373,-2.0
2,1.0,-1.0,-1.1511359559932686,-0.5871938528219848,-1.1508325258063834,-1.1466425776385518,-3.0
3,3.0,-1.0,-0.9506297846021733,-0.42126884877712684,-0.8761778246514285,-0.9379694123635787,-4.0
4,2.0,-1.0,-1.123930705911272,-1.116824322700294,-1.0228682505046527,-1.1350791179997628,-5.0
5,1.0,-1.0,-0.9506297846021733,-0.4195267162302461,-0.8761778246514285,-0.9379694123635787,-6.0
6,2.0,-1.0,-0.8455262876041822,-0.8183544445793518,-0.2743366050672426,-0.9065141321957405,-7.0
7,1.0,1.0,-0.3886753629807248,0.8267003273789538,-0.32476535343535556,-0.5187882960440333,-6.0
