,ACTION,REWARD,A0,A1,A2,A3,V
0,2.0,-1.0,-1.7965647371289546,-1.8536783104743861,-0.603906517214286,-1.8049133191868076,-1.0
1,2.0,-1.0,-1.489343890057143,-1.518587435567746,-0.4943341354156149,-1.5225120977539357,-2.0
2,1.0,-1.0,-1.1835358379488423,-0.3594075767220972,-1.1829247657377817,-1.1814422433050331,-3.0
3,1.0,-1.0,-0.9829026789626879,-0.24873800603786184,-0.8930472081379851,-1.0113311361922648,-4.0
4,2.0,-1.0,-0.8782506714456814,-0.8332702555762566,-0.19305153459257596,-0.9798078306290282,-5.0
5,1.0,1.0,-0.4309510756774198,0.804659345771839,-0.31843405583563317,-0.570136975009457,-4.0
