,ACTION,REWARD,A0,A1,A2,A3,V
0,2.0,-1.0,-1.806006399679317,-1.802315433817206,-1.085865485830527,-1.8139468244801074,-1.0
1,2.0,-1.0,-1.49534597543949,-1.5010954523271147,-0.8633958238099348,-1.5145901967791884,-2.0
2,1.0,-1.0,-1.1511359559932686,-0.5900884833330824,-1.1508325258063834,-1.1466425776385518,-3.0
3,1.0,-1.0,-0.939098081353159,-0.4235246993467979,-0.8717044304986986,-0.9279849268055831,-4.0
4,2.0,-1.0,-0.8455262876041822,-0.8155513143164198,-0.27826338061864603,-0.9065141321957405,-5.0
5,1.0,1.0,-0.3886753629807248,0.83991469604208,-0.32476535343535556,-0.5039534790377107,-4.0
