,ACTION,REWARD,A0,A1,A2,A3,V
0,2.0,-1.0,-1.808692256897462,-1.8295549427086975,-0.7102663686240488,-1.8135722710737385,-1.0
1,1.0,-1.0,-1.4887322248352761,-1.5154165242737756,-0.5845979662590435,-1.5205979640366662,-2.0
2,2.0,-1.0,-1.123930705911272,-1.116824322700294,-0.925008504078692,-1.1350791179997628,-3.0
3,1.0,-1.0,-0.9670767981910326,-0.30386266306918397,-0.8892942698394253,-1.0031554467542758,-4.0
4,2.0,-1.0,-0.8595844026784177,-0.8310300370449029,-0.20726104845189158,-0.9447000679759834,-5.0
5,1.0,1.0,-0.4150833739254305,0.8848753605085306,-0.32064462083141376,-0.539072572917825,-4.0
