,ACTION,REWARD,A0,A1,A2,A3,V
0,2.0,-1.0,-1.8028352004432044,-1.7904579385626358,-1.391693371758073,-1.806877140450971,-1.0
1,2.0,-1.0,-1.4800350303486456,-1.4871296198745803,-1.1155152785791915,-1.5032152617847478,-2.0
2,3.0,-1.0,-1.1264933139684328,-0.816037253939294,-1.1272480411768953,-1.120542384790151,-3.0
3,2.0,-1.0,-1.4800350303486456,-1.4871296198745803,-1.1117044610788533,-1.5032152617847478,-4.0
4,1.0,-1.0,-1.1264933139684328,-0.8129246843349947,-1.1272480411768953,-1.120542384790151,-5.0
5,1.0,-1.0,-0.932327851459149,-0.5584258450745176,-0.8665720275830446,-0.917567478214309,-6.0
6,2.0,-1.0,-0.8455262876041822,-0.8061435600171735,-0.3505884360443369,-0.8822342096112689,-7.0
7,2.0,-1.0,-0.3733932025909321,0.8710008356555345,-0.3281903318188967,-0.48838829830702707,-8.0
8,1.0,1.0,-0.3733932025909321,0.8722908272989792,-0.3281903318188967,-0.48838829830702707,-7.0
