,ACTION,REWARD,A0,A1,A2,A3,V
0,2.0,-1.0,-1.808692256897462,-1.8144599194581978,-0.8027198843078202,-1.8162562318017137,-1.0
1,2.0,-1.0,-1.4970137401155155,-1.5087979905048468,-0.640085334037363,-1.527644123317654,-2.0
2,1.0,-1.0,-1.1620321220090022,-0.5558400677632238,-1.1508325258063834,-1.1715940564566085,-3.0
3,1.0,-1.0,-0.9562954448953455,-0.3631517390392516,-0.8817038709573678,-0.9944831234705838,-4.0
4,2.0,-1.0,-0.8553100853309996,-0.8261871844357754,-0.2282404981052965,-0.9373113986847411,-5.0
5,1.0,1.0,-0.408909729211589,0.8705861859735501,-0.32172485771568354,-0.5258556067639995,-4.0
