,ACTION,REWARD,A0,A1,A2,A3,V
0,1.0,-1.0,-1.808692256897462,-1.8295549427086975,-0.7384732132734044,-1.8135722710737385,-1.0
1,2.0,-1.0,-1.3902131222349654,-1.3891576380277972,-1.3288973649917453,-1.3861809972604993,-2.0
2,2.0,-1.0,-1.123930705911272,-1.116824322700294,-0.9382047134903405,-1.1350791179997628,-3.0
3,1.0,-1.0,-0.9670767981910326,-0.33560326805125584,-0.8847124101473661,-1.0031554467542758,-4.0
4,2.0,-1.0,-0.8553100853309996,-0.8261871844357754,-0.21563463882512462,-0.9447000679759834,-5.0
5,1.0,1.0,-0.4150833739254305,0.8728686322239624,-0.32172485771568354,-0.5325373503463535,-4.0
