,ACTION,REWARD,A0,A1,A2,A3,V
0,2.0,-1.0,-1.8028352004432044,-1.7849166753231136,-1.295178422804751,-1.811298405050173,-1.0
1,3.0,-1.0,-1.4844528900459042,-1.4871296198745803,-1.020802172761279,-1.5098397149721432,-2.0
2,1.0,-1.0,-1.8028352004432044,-1.789395252119832,-1.295178422804751,-1.811298405050173,-3.0
3,2.0,-1.0,-1.3902131222349654,-1.3891576380277972,-1.3657834884256428,-1.3861809972604993,-4.0
4,2.0,-1.0,-1.123930705911272,-1.116824322700294,-1.0751739331228307,-1.1240998724404077,-5.0
5,1.0,-1.0,-0.932327851459149,-0.5184619969748753,-0.8665720275830446,-0.917567478214309,-6.0
6,2.0,-1.0,-0.8455262876041822,-0.8061435600171735,-0.31842850036121895,-0.8904536145838967,-7.0
7,1.0,1.0,-0.38132410220513446,0.8621482220866891,-0.32727893879634073,-0.48838829830702707,-6.0
