,ACTION,REWARD,A0,A1,A2,A3,V
0,2.0,-1.0,-1.808692256897462,-1.8144599194581978,-0.8010965804059385,-1.8162562318017137,-1.0
1,2.0,-1.0,-1.4970137401155155,-1.5087979905048468,-0.6333202085213021,-1.527644123317654,-2.0
2,1.0,-1.0,-1.1620321220090022,-0.5542355231189489,-1.156522425500373,-1.1715940564566085,-3.0
3,1.0,-1.0,-0.9617144407410245,-0.3569296527210807,-0.8817038709573678,-0.9944831234705838,-4.0
4,3.0,-1.0,-0.8553100853309996,-0.8261871844357754,-0.22785626600750886,-0.9447000679759834,-5.0
5,2.0,-1.0,-0.8170119198386524,-0.8216036432017314,-0.7458468669839308,-0.820755704100323,-6.0
6,2.0,-1.0,-0.8553100853309996,-0.8261871844357754,-0.22769653288796798,-0.9447000679759834,-7.0
7,1.0,1.0,-0.408909729211589,0.876928750541237,-0.32172485771568354,-0.5258556067639995,-6.0
