,ACTION,REWARD,A0,A1,A2,A3,V
0,2.0,-1.0,-1.7965647371289546,-1.859895908606578,-0.5798428238587491,-1.802228291431724,-1.0
1,2.0,-1.0,-1.4889137906854248,-1.518587435567746,-0.4911529595415724,-1.5226935190908533,-2.0
2,1.0,-1.0,-1.1835358379488423,-0.3862603712979499,-1.187869320376878,-1.1814422433050331,-3.0
3,1.0,-1.0,-0.9898811930357083,-0.2566955638961015,-0.8930472081379851,-1.019015270207669,-4.0
4,2.0,-1.0,-0.8782506714456814,-0.8332702555762566,-0.20393925089103243,-0.9798078306290282,-5.0
5,1.0,1.0,-0.43558124144884536,0.8161270049272085,-0.31843405583563317,-0.570136975009457,-4.0
