,ACTION,REWARD,A0,A1,A2,A3,V
0,2.0,-1.0,-1.7965647371289546,-1.8536783104743861,-0.6007269238285425,-1.8049133191868076,-1.0
1,3.0,-1.0,-1.489343890057143,-1.518587435567746,-0.49262546225195764,-1.5226935190908533,-2.0
2,2.0,-1.0,-1.7965647371289546,-1.8536783104743861,-0.5991532837505247,-1.8049133191868076,-3.0
3,2.0,-1.0,-1.489343890057143,-1.518587435567746,-0.4910887000021392,-1.5226935190908533,-4.0
4,1.0,-1.0,-1.1835358379488423,-0.3750760538052303,-1.1829247657377817,-1.1814422433050331,-5.0
5,1.0,-1.0,-0.9863861214601439,-0.24725312065714056,-0.8930472081379851,-1.0113311361922648,-6.0
6,2.0,-1.0,-0.8782506714456814,-0.8332702555762566,-0.19468077951252952,-0.9798078306290282,-7.0
7,1.0,1.0,-0.4309510756774198,0.8085466247909794,-0.31843405583563317,-0.570136975009457,-6.0
