,ACTION,REWARD,A0,A1,A2,A3,V
0,2.0,-1.0,-1.808692256897462,-1.8144599194581978,-0.7812929669206236,-1.8162562318017137,-1.0
1,2.0,-1.0,-1.4977852520498633,-1.5087979905048468,-0.6309489354357034,-1.527644123317654,-2.0
2,1.0,-1.0,-1.1620321220090022,-0.5528405531184165,-1.156522425500373,-1.1715940564566085,-3.0
3,1.0,-1.0,-0.9617144407410245,-0.34354547244457107,-0.8817038709573678,-0.9944831234705838,-4.0
4,2.0,-1.0,-0.8553100853309996,-0.8261871844357754,-0.21605061597747052,-0.9447000679759834,-5.0
5,1.0,1.0,-0.408909729211589,0.8875722909500584,-0.32172485771568354,-0.5258556067639995,-4.0
