,ACTION,REWARD,A0,A1,A2,A3,V
0,1.0,-1.0,-1.8028352004432044,-1.7937933509944644,-1.2513222645872542,-1.811298405050173,-1.0
1,2.0,-1.0,-1.3902131222349654,-1.3891576380277972,-1.3618022189394918,-1.3861809972604993,-2.0
2,2.0,-1.0,-1.123930705911272,-1.116824322700294,-1.0689692963999138,-1.1240998724404077,-3.0
3,1.0,-1.0,-0.932327851459149,-0.5029617786062699,-0.8665720275830446,-0.917567478214309,-4.0
4,2.0,-1.0,-0.8455262876041822,-0.8061435600171735,-0.30813199369542754,-0.8904536145838967,-5.0
5,1.0,1.0,-0.38132410220513446,0.8594301668232849,-0.32727893879634073,-0.48838829830702707,-4.0
