,ACTION,REWARD,A0,A1,A2,A3,V
0,2.0,-1.0,-1.8028352004432044,-1.7904579385626358,-1.4111362252724573,-1.806877140450971,-1.0
1,2.0,-1.0,-1.4800350303486456,-1.4871296198745803,-1.1351483772386317,-1.5032152617847478,-2.0
2,1.0,-1.0,-1.1264933139684328,-0.8182497075651627,-1.1272480411768953,-1.1116189366494327,-3.0
3,1.0,-1.0,-0.932327851459149,-0.5656998258571302,-0.8665720275830446,-0.917567478214309,-4.0
4,0.0,-1.0,-0.8387772599289575,-0.8061435600171735,-0.3587653933274496,-0.8822342096112689,-5.0
5,1.0,-1.0,-0.932327851459149,-0.5732717161385059,-0.8665720275830446,-0.917567478214309,-6.0
6,2.0,-1.0,-0.8387772599289575,-0.8061435600171735,-0.3573985644482567,-0.8822342096112689,-7.0
7,1.0,1.0,-0.3733932025909321,0.8657092440510288,-0.3293225649896934,-0.48838829830702707,-6.0
