,ACTION,REWARD,A0,A1,A2,A3,V
0,2.0,-1.0,-1.8076635481432133,-1.8144599194581978,-1.0522934229158247,-1.8139468244801074,-1.0
1,2.0,-1.0,-1.49534597543949,-1.5010954523271147,-0.8194034329375692,-1.5189717419911373,-2.0
2,1.0,-1.0,-1.1511359559932686,-0.5850976547398371,-1.1508325258063834,-1.1466425776385518,-3.0
3,1.0,-1.0,-0.9506297846021733,-0.41780047851354885,-0.8761778246514285,-0.9379694123635787,-4.0
4,2.0,-1.0,-0.8455262876041822,-0.8183544445793518,-0.2741529360701596,-0.9065141321957405,-5.0
5,1.0,1.0,-0.3886753629807248,0.8184333241051643,-0.32476535343535556,-0.5187882960440333,-4.0
