,ACTION,REWARD,A0,A1,A2,A3,V
0,2.0,-1.0,-1.8088337835442068,-1.8144599194581978,-0.9906008939900479,-1.8148876542539036,-1.0
1,2.0,-1.0,-1.49534597543949,-1.5010954523271147,-0.7643741281295426,-1.5232243306474738,-2.0
2,3.0,-1.0,-1.1547868889111574,-0.5796106253343432,-1.1508325258063834,-1.1576732600388553,-3.0
3,2.0,-1.0,-1.49534597543949,-1.5010954523271147,-0.7619468824762563,-1.5232243306474738,-4.0
4,1.0,-1.0,-1.1547868889111574,-0.577578211702597,-1.1508325258063834,-1.1576732600388553,-5.0
5,1.0,-1.0,-0.9506297846021733,-0.4164488809192567,-0.8782657186425216,-0.9379694123635787,-6.0
6,2.0,-1.0,-0.8455262876041822,-0.8210299571055935,-0.2712448115414665,-0.9221618628394344,-7.0
7,1.0,1.0,-0.39556349176689637,0.8296505073569918,-0.32414614149349075,-0.5187882960440333,-6.0
