,ACTION,REWARD,A0,A1,A2,A3,V
0,2.0,-1.0,-1.806006399679317,-1.802315433817206,-1.0827773933865112,-1.8139468244801074,-1.0
1,2.0,-1.0,-1.49534597543949,-1.5010954523271147,-0.8600726619218333,-1.5145901967791884,-2.0
2,1.0,-1.0,-1.1511359559932686,-0.5879993207938727,-1.1508325258063834,-1.1466425776385518,-3.0
3,1.0,-1.0,-0.939098081353159,-0.4217938227788977,-0.8717044304986986,-0.9279849268055831,-4.0
4,2.0,-1.0,-0.8455262876041822,-0.8155513143164198,-0.27792151454808084,-0.9065141321957405,-5.0
5,3.0,-1.0,-0.3886753629807248,0.83991469604208,-0.32476535343535556,-0.5114152378782664,-6.0
6,2.0,-1.0,-0.8455262876041822,-0.8155513143164198,-0.2775830671382213,-0.9065141321957405,-7.0
7,1.0,1.0,-0.3886753629807248,0.8215155490816592,-0.32476535343535556,-0.5114152378782664,-6.0
