,ACTION,REWARD,A0,A1,A2,A3,V
0,2.0,-1.0,-1.808692256897462,-1.8144599194581978,-0.7723858601148239,-1.8162562318017137,-1.0
1,2.0,-1.0,-1.4977852520498633,-1.5087979905048468,-0.6291373812903535,-1.527644123317654,-2.0
2,3.0,-1.0,-1.1620321220090022,-0.5612841280629678,-1.156522425500373,-1.1755403523236556,-3.0
3,2.0,-1.0,-1.4977852520498633,-1.5087979905048468,-0.6278975646300167,-1.527644123317654,-4.0
4,1.0,-1.0,-1.1620321220090022,-0.5588465840640034,-1.156522425500373,-1.1755403523236556,-5.0
5,1.0,-1.0,-0.9670767981910326,-0.35122023952861814,-0.8832082158728531,-0.9944831234705838,-6.0
6,2.0,-1.0,-0.8553100853309996,-0.8261871844357754,-0.21514765185876697,-0.9447000679759834,-7.0
7,1.0,1.0,-0.408909729211589,0.8879746952087361,-0.32172485771568354,-0.5258556067639995,-6.0
