,ACTION,REWARD,A0,A1,A2,A3,V
0,2.0,-1.0,-1.806006399679317,-1.802315433817206,-1.1562505378462096,-1.8139468244801074,-1.0
1,2.0,-1.0,-1.4923808837380874,-1.491910645437962,-0.9271247905201101,-1.5098397149721432,-2.0
2,1.0,-1.0,-1.1471205128457145,-0.6504605587130793,-1.1508325258063834,-1.1333256607295068,-3.0
3,1.0,-1.0,-0.939098081353159,-0.45113437121481254,-0.8693134109169454,-0.9279849268055831,-4.0
4,2.0,-1.0,-0.8455262876041822,-0.8126182611643296,-0.2898647090017669,-0.8985475085506575,-5.0
5,1.0,1.0,-0.38132410220513446,0.8401957744752663,-0.325736350512956,-0.5039534790377107,-4.0
