,ACTION,REWARD,A0,A1,A2,A3,V
0,1.0,-1.0,-1.7965647371289546,-1.8568256527940128,-0.5928777317410954,-1.802228291431724,-1.0
1,2.0,-1.0,-1.3902131222349654,-1.3931921829677436,-1.293168037833936,-1.3861809972604993,-2.0
2,2.0,-1.0,-1.1274174654950548,-1.1222672343254427,-0.8727727338630563,-1.1350791179997628,-3.0
3,1.0,-1.0,-0.9863861214601439,-0.2444550349547676,-0.8930472081379851,-1.0113311361922648,-4.0
4,2.0,-1.0,-0.8782506714456814,-0.8332702555762566,-0.1976041536265232,-0.9798078306290282,-5.0
5,1.0,1.0,-0.4309510756774198,0.81792974515645,-0.31843405583563317,-0.570136975009457,-4.0
