,ACTION,REWARD,A0,A1,A2,A3,V
0,1.0,-1.0,-1.7990561658936068,-1.8471489895113995,-0.6343326857935803,-1.8049133191868076,-1.0
1,2.0,-1.0,-1.3902131222349654,-1.3931921829677436,-1.3084081403261034,-1.3861809972604993,-2.0
2,2.0,-1.0,-1.123930705911272,-1.1222672343254427,-0.8858369586704334,-1.1350791179997628,-3.0
3,1.0,-1.0,-0.9829026789626879,-0.26837799226110415,-0.8929236441861199,-1.0113311361922648,-4.0
4,2.0,-1.0,-0.8674458087960727,-0.8332702555762566,-0.18445627410395327,-0.9798078306290282,-5.0
5,1.0,1.0,-0.4309510756774198,0.8536312306852682,-0.31843405583563317,-0.5641245504808695,-4.0
