,ACTION,REWARD,A0,A1,A2,A3,V
0,2.0,-1.0,-1.806006399679317,-1.7937933509944644,-1.2444265570242654,-1.811298405050173,-1.0
1,2.0,-1.0,-1.48864108326427,-1.4871296198745803,-1.0026585930373928,-1.5098397149721432,-2.0
2,0.0,-1.0,-1.1375165469718191,-0.7230579904503673,-1.1392786651840532,-1.1287427922644793,-3.0
3,1.0,-1.0,-1.1375165469718191,-0.720273649980029,-1.1392786651840532,-1.1287427922644793,-4.0
4,1.0,-1.0,-0.932327851459149,-0.49183736886226426,-0.8665720275830446,-0.917567478214309,-5.0
5,2.0,-1.0,-0.8455262876041822,-0.8094492749177582,-0.30502097436538805,-0.8904536145838967,-6.0
6,1.0,1.0,-0.38132410220513446,0.8451691791240818,-0.32727893879634073,-0.48838829830702707,-5.0
