,ACTION,REWARD,A0,A1,A2,A3,V
0,2.0,-1.0,-1.808692256897462,-1.8144599194581978,-0.8104534534710782,-1.8162562318017137,-1.0
1,2.0,-1.0,-1.4970137401155155,-1.5087979905048468,-0.6386870413068584,-1.527644123317654,-2.0
2,1.0,-1.0,-1.1620321220090022,-0.5535500327369448,-1.1508325258063834,-1.1715940564566085,-3.0
3,0.0,-1.0,-0.9617144407410245,-0.3631517390392516,-0.8817038709573678,-0.9944831234705838,-4.0
4,1.0,-1.0,-1.1620321220090022,-0.5612828980609286,-1.1508325258063834,-1.1715940564566085,-5.0
5,1.0,-1.0,-0.9617144407410245,-0.3615743861318067,-0.8817038709573678,-0.9944831234705838,-6.0
6,2.0,-1.0,-0.8553100853309996,-0.8261871844357754,-0.2281228174504816,-0.9373113986847411,-7.0
7,1.0,1.0,-0.408909729211589,0.8718803241138146,-0.32172485771568354,-0.5258556067639995,-6.0
