,ACTION,REWARD,A0,A1,A2,A3,V
0,2.0,-1.0,-1.8013316655269884,-1.8332194695665363,-0.6697204445910214,-1.8072479819847669,-1.0
1,2.0,-1.0,-1.489343890057143,-1.518587435567746,-0.5482978988244191,-1.5205979640366662,-2.0
2,1.0,-1.0,-1.1781435765288228,-0.422863547388062,-1.1675263581197404,-1.1787498468947366,-3.0
3,1.0,-1.0,-0.9750650352374456,-0.28639875289482125,-0.8926175817008914,-1.0113311361922648,-4.0
4,2.0,-1.0,-0.8674458087960727,-0.8310300370449029,-0.20129787965349705,-0.9662286469595435,-5.0
5,3.0,-1.0,-0.4259140524498616,0.8710673195175589,-0.3195257904741632,-0.5519025748836289,-6.0
6,2.0,-1.0,-0.8674458087960727,-0.8310300370449029,-0.20144529498130403,-0.9662286469595435,-7.0
7,1.0,1.0,-0.4259140524498616,0.8723566463223833,-0.3195257904741632,-0.5519025748836289,-6.0
