,ACTION,REWARD,A0,A1,A2,A3,V
0,2.0,-1.0,-1.808692256897462,-1.8144599194581978,-0.807283641538738,-1.8162562318017137,-1.0
1,2.0,-1.0,-1.4970137401155155,-1.5087979905048468,-0.6428614536474926,-1.527644123317654,-2.0
2,1.0,-1.0,-1.1620321220090022,-0.5604460704282844,-1.1508325258063834,-1.1715940564566085,-3.0
3,1.0,-1.0,-0.9562954448953455,-0.36634990646374066,-0.8817038709573678,-0.9855448052225911,-4.0
4,2.0,-1.0,-0.8553100853309996,-0.8261871844357754,-0.2286272009677094,-0.9373113986847411,-5.0
5,2.0,-1.0,-0.408909729211589,0.8870308904508302,-0.32172485771568354,-0.5258556067639995,-6.0
6,1.0,1.0,-0.408909729211589,0.8881605815463218,-0.32172485771568354,-0.5258556067639995,-5.0
