,ACTION,REWARD,A0,A1,A2,A3,V
0,2.0,-1.0,-1.8051917548088021,-1.8295549427086975,-0.7008402990086611,-1.8135722710737385,-1.0
1,2.0,-1.0,-1.4891062842832548,-1.5154165242737756,-0.577348958062658,-1.5205979640366662,-2.0
2,1.0,-1.0,-1.1759463866222148,-0.4654205842974167,-1.1675263581197404,-1.1755403523236556,-3.0
3,1.0,-1.0,-0.961682423950622,-0.30438523483137303,-0.8909590887712547,-1.0031554467542758,-4.0
4,2.0,-1.0,-0.8595844026784177,-0.8310300370449029,-0.20652276632285319,-0.9447000679759834,-5.0
5,1.0,1.0,-0.4206968808878269,0.8969245062555437,-0.32064462083141376,-0.5455463575421692,-4.0
