,ACTION,REWARD,A0,A1,A2,A3,V
0,2.0,-1.0,-1.806006399679317,-1.7937933509944644,-1.2375881868330572,-1.811298405050173,-1.0
1,2.0,-1.0,-1.48864108326427,-1.4871296198745803,-0.9955808023054706,-1.5098397149721432,-2.0
2,1.0,-1.0,-1.1375165469718191,-0.7147490116217495,-1.1392786651840532,-1.1287427922644793,-3.0
3,1.0,-1.0,-0.932327851459149,-0.4896641839429301,-0.8693134109169454,-0.917567478214309,-4.0
4,2.0,-1.0,-0.8455262876041822,-0.8094492749177582,-0.3043503072357386,-0.8904536145838967,-5.0
5,1.0,1.0,-0.38132410220513446,0.8482503124595127,-0.32727893879634073,-0.48838829830702707,-4.0
