,ACTION,REWARD,A0,A1,A2,A3,V
0,2.0,-1.0,-1.8028352004432044,-1.7904579385626358,-1.4345703401765217,-1.806877140450971,-1.0
1,2.0,-1.0,-1.4800350303486456,-1.4871296198745803,-1.1591764923979366,-1.5032152617847478,-2.0
2,1.0,-1.0,-1.1264933139684328,-0.840344968002593,-1.1272480411768953,-1.1116189366494327,-3.0
3,1.0,-1.0,-0.92414921380779,-0.5780882191489944,-0.8735554394264181,-0.917567478214309,-4.0
4,3.0,-1.0,-0.832006021713377,-0.8061435600171735,-0.36556511894385607,-0.8822342096112689,-5.0
5,2.0,-1.0,-0.8170119198386524,-0.8146769568993094,-0.7824163409711715,-0.820755704100323,-6.0
6,2.0,-1.0,-0.832006021713377,-0.8061435600171735,-0.36420617598013877,-0.8822342096112689,-7.0
7,1.0,1.0,-0.3733932025909321,0.8573620951706615,-0.3293225649896934,-0.48838829830702707,-6.0
