,ACTION,REWARD,A0,A1,A2,A3,V
0,2.0,-1.0,-1.7990561658936068,-1.8504531728792204,-0.6231577436243211,-1.8049133191868076,-1.0
1,2.0,-1.0,-1.489343890057143,-1.518587435567746,-0.5163144227805697,-1.522271158963362,-2.0
2,0.0,-1.0,-1.1835358379488423,-0.3810495284820416,-1.1728379637596724,-1.1787498468947366,-3.0
3,1.0,-1.0,-1.1835358379488423,-0.37968843281627096,-1.1728379637596724,-1.1787498468947366,-4.0
4,1.0,-1.0,-0.9829026789626879,-0.27102875389099035,-0.8929236441861199,-1.0113311361922648,-5.0
5,2.0,-1.0,-0.8711684569401216,-0.8332702555762566,-0.17785671269590028,-0.9798078306290282,-6.0
6,1.0,1.0,-0.4309510756774198,0.8427907291979259,-0.31843405583563317,-0.5641245504808695,-5.0
