,ACTION,REWARD,A0,A1,A2,A3,V
0,2.0,-1.0,-1.808692256897462,-1.8295549427086975,-0.7305618401592258,-1.8135722710737385,-1.0
1,2.0,-1.0,-1.488354387009035,-1.5087979905048468,-0.6073007667382596,-1.5205979640366662,-2.0
2,1.0,-1.0,-1.1707773201854523,-0.4967734110212359,-1.162087009515606,-1.1755403523236556,-3.0
3,1.0,-1.0,-0.9670767981910326,-0.3103372489087797,-0.8871694703505528,-1.0031554467542758,-4.0
4,2.0,-1.0,-0.8595844026784177,-0.8310300370449029,-0.20631249291450687,-0.9447000679759834,-5.0
5,1.0,1.0,-0.4150833739254305,0.8647911342174577,-0.32064462083141376,-0.5325373503463535,-4.0
