,ACTION,REWARD,A0,A1,A2,A3,V
0,3.0,-1.0,-1.8088337835442068,-1.8144599194581978,-1.0089220020663758,-1.8148876542539036,-1.0
1,2.0,-1.0,-1.8088337835442068,-1.8144599194581978,-1.0058512826676165,-1.8148876542539036,-2.0
2,2.0,-1.0,-1.49534597543949,-1.5010954523271147,-0.7771597035466303,-1.5232243306474738,-3.0
3,1.0,-1.0,-1.1511359559932686,-0.5674613059811084,-1.1508325258063834,-1.1523170635208984,-4.0
4,1.0,-1.0,-0.9506297846021733,-0.4151066748160995,-0.8782657186425216,-0.9379694123635787,-5.0
5,2.0,-1.0,-0.8455262876041822,-0.8210299571055935,-0.27192782700740026,-0.9221618628394344,-6.0
6,2.0,-1.0,-0.39556349176689637,0.819062045279032,-0.32414614149349075,-0.5187882960440333,-7.0
7,1.0,1.0,-0.39556349176689637,0.8208714248262418,-0.32414614149349075,-0.5187882960440333,-6.0
