,ACTION,REWARD,A0,A1,A2,A3,V
0,2.0,-1.0,-1.808692256897462,-1.8144599194581978,-0.8575118722469319,-1.8162562318017137,-1.0
1,2.0,-1.0,-1.4970137401155155,-1.5010954523271147,-0.671069120930174,-1.5232243306474738,-2.0
2,1.0,-1.0,-1.1547868889111574,-0.5813680794639492,-1.1508325258063834,-1.1673647701295558,-3.0
3,3.0,-1.0,-0.9506297846021733,-0.3842922457714381,-0.8800316236593496,-0.9763376863613178,-4.0
4,2.0,-1.0,-1.123930705911272,-1.116824322700294,-0.996721747209618,-1.1350791179997628,-5.0
5,1.0,-1.0,-0.9506297846021733,-0.3826527641014354,-0.8800316236593496,-0.9763376863613178,-6.0
6,2.0,-1.0,-0.8455262876041822,-0.8235801239368523,-0.2444977894909908,-0.9297981396267377,-7.0
7,1.0,1.0,-0.408909729211589,0.8768766873021806,-0.32414614149349075,-0.5258556067639995,-6.0
