,ACTION,REWARD,A0,A1,A2,A3,V
0,2.0,-1.0,-1.8089955256379553,-1.8144599194581978,-0.8888353238197758,-1.8162562318017137,-1.0
1,2.0,-1.0,-1.4970137401155155,-1.5010954523271147,-0.6917722512187258,-1.5232243306474738,-2.0
2,1.0,-1.0,-1.1547868889111574,-0.5886215137710893,-1.1508325258063834,-1.1627812131601833,-3.0
3,3.0,-1.0,-0.9506297846021733,-0.403215631218624,-0.8782657186425216,-0.957464414439209,-4.0
4,2.0,-1.0,-1.123930705911272,-1.116824322700294,-1.009781040344569,-1.1350791179997628,-5.0
5,1.0,-1.0,-0.9506297846021733,-0.40142753714512297,-0.8782657186425216,-0.957464414439209,-6.0
6,2.0,-1.0,-0.8455262876041822,-0.8235801239368523,-0.248914549000651,-0.9297981396267377,-7.0
7,1.0,1.0,-0.408909729211589,0.8825526980190167,-0.32414614149349075,-0.5258556067639995,-6.0
