,ACTION,REWARD,A0,A1,A2,A3,V
0,2.0,-1.0,-1.8028352004432044,-1.7904579385626358,-1.4323038761167877,-1.806877140450971,-1.0
1,0.0,-1.0,-1.4800350303486456,-1.4871296198745803,-1.1713316597144046,-1.5032152617847478,-2.0
2,2.0,-1.0,-1.4800350303486456,-1.4871296198745803,-1.1672683753939666,-1.5032152617847478,-3.0
3,1.0,-1.0,-1.1264933139684328,-0.846774628859227,-1.1272480411768953,-1.1116189366494327,-4.0
4,1.0,-1.0,-0.92414921380779,-0.583133185659221,-0.8735554394264181,-0.917567478214309,-5.0
5,2.0,-1.0,-0.832006021713377,-0.8061435600171735,-0.366924558237625,-0.8738901451087134,-6.0
6,1.0,1.0,-0.3733932025909321,0.8544659679325186,-0.3293225649896934,-0.48838829830702707,-5.0
