,ACTION,REWARD,A0,A1,A2,A3,V
0,2.0,-1.0,-1.808692256897462,-1.8144599194581978,-0.7987854964785708,-1.8162562318017137,-1.0
1,2.0,-1.0,-1.4970137401155155,-1.5087979905048468,-0.6319751261441596,-1.527644123317654,-2.0
2,1.0,-1.0,-1.1620321220090022,-0.5619055347622491,-1.156522425500373,-1.1715940564566085,-3.0
3,1.0,-1.0,-0.9617144407410245,-0.35540962498986156,-0.8817038709573678,-0.9944831234705838,-4.0
4,2.0,-1.0,-0.8553100853309996,-0.8261871844357754,-0.22752720880421717,-0.9447000679759834,-5.0
5,1.0,1.0,-0.408909729211589,0.8781594630358246,-0.32172485771568354,-0.5258556067639995,-4.0
