,ACTION,REWARD,A0,A1,A2,A3,V
0,2.0,-1.0,-1.8028352004432044,-1.7904579385626358,-1.4763637930731277,-1.806877140450971,-1.0
1,0.0,-1.0,-1.4742353994052686,-1.4871296198745803,-1.1743522892323268,-1.5032152617847478,-2.0
2,2.0,-1.0,-1.4742353994052686,-1.4871296198745803,-1.1804978529310022,-1.5032152617847478,-3.0
3,1.0,-1.0,-1.1264933139684328,-0.8832585313412672,-1.1272480411768953,-1.1116189366494327,-4.0
4,1.0,-1.0,-0.92414921380779,-0.6039397393564252,-0.8735554394264181,-0.917567478214309,-5.0
5,2.0,-1.0,-0.8248424110809911,-0.8061435600171735,-0.3818724139513332,-0.8738901451087134,-6.0
6,1.0,1.0,-0.3733932025909321,0.8374535753663577,-0.3293225649896934,-0.48838829830702707,-5.0
