,ACTION,REWARD,A0,A1,A2,A3,V
0,0.0,-1.0,-1.808692256897462,-1.8144599194581978,-0.8651873906540187,-1.8162562318017137,-1.0
1,2.0,-1.0,-1.808692256897462,-1.8144599194581978,-0.8626172179392843,-1.8162562318017137,-2.0
2,2.0,-1.0,-1.4970137401155155,-1.5010954523271147,-0.6741911602440357,-1.5232243306474738,-3.0
3,1.0,-1.0,-1.1547868889111574,-0.5759317171690671,-1.1508325258063834,-1.1673647701295558,-4.0
4,1.0,-1.0,-0.9506297846021733,-0.38594537088705266,-0.8800316236593496,-0.9669777996579181,-5.0
5,2.0,-1.0,-0.8455262876041822,-0.8235801239368523,-0.24514762147288635,-0.9297981396267377,-6.0
6,1.0,1.0,-0.408909729211589,0.8743767853302526,-0.32414614149349075,-0.5258556067639995,-5.0
