,ACTION,REWARD,A0,A1,A2,A3,V
0,0.0,-1.0,-1.043945630462942,-1.0351794445095823,-1.0293613647575435,-1.043060884260071,-1.0
1,2.0,-1.0,-1.043945630462942,-1.0351794445095823,-1.0357491398197567,-1.043060884260071,-2.0
2,3.0,-1.0,-0.7428828999869546,-0.7428569377900675,-0.749992048946108,-0.7542693730773318,-3.0
3,1.0,-1.0,-1.043945630462942,-1.0416149971870383,-1.0357491398197567,-1.043060884260071,-4.0
4,2.0,-1.0,-0.7656631472332005,-0.7560435090633223,-0.7623624649743823,-0.7554184758168211,-5.0
5,2.0,-1.0,-0.6425622320695716,-0.6418912005415163,-0.6471454464691351,-0.6407096982875982,-6.0
6,1.0,-1.0,-0.46742363079368504,-0.4722525452002848,-0.47073696953870214,-0.4697417833245339,-7.0
7,1.0,-1.0,-0.3456650437780358,-0.3467834830348272,-0.3404514584086037,-0.34173598996430876,-8.0
8,2.0,1.0,-0.1538072576679418,-0.1382342385684622,-0.0361461912105577,-0.14722545137927281,-7.0
