,ACTION,REWARD,A0,A1,A2,A3,V
0,2.0,-1.0,-1.8076635481432133,-1.8104891075124072,-1.058605242193422,-1.8139468244801074,-1.0
1,3.0,-1.0,-1.49534597543949,-1.5010954523271147,-0.8252913645174211,-1.5189717419911373,-2.0
2,1.0,-1.0,-1.8076635481432133,-1.8144599194581978,-1.058605242193422,-1.8139468244801074,-3.0
3,2.0,-1.0,-1.3902131222349654,-1.3891576380277972,-1.337651461398915,-1.3861809972604993,-4.0
4,2.0,-1.0,-1.123930705911272,-1.116824322700294,-1.029370536227938,-1.1350791179997628,-5.0
5,1.0,-1.0,-0.9506297846021733,-0.42126884877712684,-0.8761778246514285,-0.9279849268055831,-6.0
6,2.0,-1.0,-0.8455262876041822,-0.8183544445793518,-0.27450621565450545,-0.9065141321957405,-7.0
7,1.0,1.0,-0.3886753629807248,0.8249498256353069,-0.32476535343535556,-0.5187882960440333,-6.0
