,ACTION,REWARD,A0,A1,A2,A3,V
0,2.0,-1.0,-1.8013316655269884,-1.8403005556711087,-0.6385361475988071,-1.8072479819847669,-1.0
1,2.0,-1.0,-1.489343890057143,-1.518587435567746,-0.5430716350464916,-1.5213720235746948,-2.0
2,2.0,-1.0,-1.1801530532697466,-0.40162687658081564,-1.1728379637596724,-1.1787498468947366,-3.0
3,1.0,-1.0,-0.8382456512404981,-0.7678517780762875,-0.838673680297204,-0.8506091755604672,-4.0
4,0.0,-1.0,-0.6128863360240238,0.07820402754923982,-0.6047955685896947,-0.5742775259719604,-5.0
5,1.0,-1.0,-0.8382456512404981,-0.7594694240475814,-0.838673680297204,-0.8506091755604672,-6.0
6,1.0,-1.0,-0.6128863360240238,0.0853068553069526,-0.6047955685896947,-0.5742775259719604,-7.0
7,1.0,1.0,-0.4309510756774198,0.8773354836525705,-0.31843405583563317,-0.5580689246267766,-6.0
