,ACTION,REWARD,A0,A1,A2,A3,V
0,2.0,-1.0,-1.808692256897462,-1.8295549427086975,-0.7121262494219368,-1.8135722710737385,-1.0
1,0.0,-1.0,-1.4887322248352761,-1.5087979905048468,-0.5845979662590435,-1.5205979640366662,-2.0
2,1.0,-1.0,-1.4887322248352761,-1.5121538530212113,-0.5845979662590435,-1.5205979640366662,-3.0
3,2.0,-1.0,-1.123930705911272,-1.116824322700294,-0.9315788647529328,-1.1350791179997628,-4.0
4,1.0,-1.0,-0.9670767981910326,-0.3050475525876041,-0.8892942698394253,-1.0031554467542758,-5.0
5,2.0,-1.0,-0.8595844026784177,-0.8310300370449029,-0.20728733416176864,-0.9447000679759834,-6.0
6,1.0,1.0,-0.4150833739254305,0.8837124853621521,-0.32064462083141376,-0.539072572917825,-5.0
