,ACTION,REWARD,A0,A1,A2,A3,V
0,3.0,-1.0,-1.8028352004432044,-1.7849166753231136,-1.387781778190202,-1.811298405050173,-1.0
1,2.0,-1.0,-1.8028352004432044,-1.7849166753231136,-1.3838750940559437,-1.811298405050173,-2.0
2,2.0,-1.0,-1.4800350303486456,-1.4871296198745803,-1.104113092671685,-1.5032152617847478,-3.0
3,1.0,-1.0,-1.1264933139684328,-0.8067952774065198,-1.1272480411768953,-1.120542384790151,-4.0
4,1.0,-1.0,-0.932327851459149,-0.5610750986521466,-0.8665720275830446,-0.917567478214309,-5.0
5,2.0,-1.0,-0.8455262876041822,-0.8061435600171735,-0.3467052384298194,-0.8822342096112689,-6.0
6,1.0,1.0,-0.3733932025909321,0.8562839174373722,-0.3281903318188967,-0.48838829830702707,-5.0
