,ACTION,REWARD,A0,A1,A2,A3,V
0,2.0,-1.0,-1.808692256897462,-1.8295549427086975,-0.7272735081716966,-1.8135722710737385,-1.0
1,2.0,-1.0,-1.488354387009035,-1.5087979905048468,-0.596016369806122,-1.5205979640366662,-2.0
2,1.0,-1.0,-1.1707773201854523,-0.4817722555212393,-1.162087009515606,-1.1755403523236556,-3.0
3,2.0,-1.0,-0.9670767981910326,-0.30306378289311453,-0.8882726044022659,-1.0031554467542758,-4.0
4,1.0,-1.0,-0.6019956262841789,0.010623168757542541,-0.6009001788974875,-0.5673811547982797,-5.0
5,1.0,1.0,-0.4150833739254305,0.8739765014742853,-0.32064462083141376,-0.539072572917825,-4.0
