,ACTION,REWARD,A0,A1,A2,A3,V
0,2.0,-1.0,-1.8076635481432133,-1.8104891075124072,-1.0446863475480446,-1.8139468244801074,-1.0
1,2.0,-1.0,-1.49534597543949,-1.5010954523271147,-0.828342388431727,-1.5145901967791884,-2.0
2,1.0,-1.0,-1.1511359559932686,-0.5733648357191232,-1.1508325258063834,-1.1466425776385518,-3.0
3,0.0,-1.0,-0.9506297846021733,-0.41628745375347204,-0.8761778246514285,-0.9279849268055831,-4.0
4,1.0,-1.0,-1.1511359559932686,-0.5813777744457133,-1.1508325258063834,-1.1466425776385518,-5.0
5,1.0,-1.0,-0.9506297846021733,-0.4145989280299731,-0.8761778246514285,-0.9279849268055831,-6.0
6,2.0,-1.0,-0.8455262876041822,-0.8183544445793518,-0.274802045925427,-0.9065141321957405,-7.0
7,1.0,1.0,-0.3886753629807248,0.821395598036228,-0.32476535343535556,-0.5187882960440333,-6.0
