,ACTION,REWARD,A0,A1,A2,A3,V
0,2.0,-1.0,-1.8076635481432133,-1.8144599194581978,-1.0491451195831045,-1.8139468244801074,-1.0
1,3.0,-1.0,-1.49534597543949,-1.5010954523271147,-0.8194034329375692,-1.5232243306474738,-2.0
2,2.0,-1.0,-1.8076635481432133,-1.8144599194581978,-1.0460282992837115,-1.8139468244801074,-3.0
3,2.0,-1.0,-1.49534597543949,-1.5010954523271147,-0.816475277500852,-1.5232243306474738,-4.0
4,1.0,-1.0,-1.1511359559932686,-0.5830068824990606,-1.1508325258063834,-1.1466425776385518,-5.0
5,2.0,-1.0,-0.9506297846021733,-0.41780047851354885,-0.8782657186425216,-0.9379694123635787,-6.0
6,1.0,-1.0,-0.6019956262841789,-0.08609804621987008,-0.6009001788974875,-0.5673811547982797,-7.0
7,1.0,1.0,-0.3886753629807248,0.8202489908641127,-0.32476535343535556,-0.5187882960440333,-6.0
