,ACTION,REWARD,A0,A1,A2,A3,V
0,2.0,-1.0,-1.8028352004432044,-1.7904579385626358,-1.4640563983647745,-1.806877140450971,-1.0
1,2.0,-1.0,-1.4742353994052686,-1.4871296198745803,-1.1788546512083726,-1.5032152617847478,-2.0
2,1.0,-1.0,-1.1264933139684328,-0.8730528987953695,-1.1272480411768953,-1.1116189366494327,-3.0
3,1.0,-1.0,-0.92414921380779,-0.5936481766207272,-0.8735554394264181,-0.917567478214309,-4.0
4,2.0,-1.0,-0.832006021713377,-0.8061435600171735,-0.3778019386557173,-0.8738901451087134,-5.0
5,1.0,1.0,-0.3733932025909321,0.8422813667244015,-0.3293225649896934,-0.48838829830702707,-4.0
