,ACTION,REWARD,A0,A1,A2,A3,V
0,1.0,-1.0,-1.8013316655269884,-1.8332194695665363,-0.6714855144811561,-1.8072479819847669,-1.0
1,2.0,-1.0,-1.3902131222349654,-1.3891576380277972,-1.3237569068043626,-1.3861809972604993,-2.0
2,2.0,-1.0,-1.123930705911272,-1.116824322700294,-0.8988329591708045,-1.1350791179997628,-3.0
3,2.0,-1.0,-0.9750650352374456,-0.2773620324417005,-0.8926175817008914,-1.0113311361922648,-4.0
4,1.0,-1.0,-0.6019956262841789,0.07820402754923982,-0.6047955685896947,-0.5673811547982797,-5.0
5,1.0,1.0,-0.4259140524498616,0.8710673195175589,-0.3195257904741632,-0.5455463575421692,-4.0
