,ACTION,REWARD,A0,A1,A2,A3,V
0,0.0,-1.0,-1.0854136869094635,-1.0925049450119186,-1.0915185276455037,-1.0944746000439824,-1.0
1,0.0,-1.0,-1.094328273222554,-1.0925049450119186,-1.0915185276455037,-1.0944746000439824,-2.0
2,2.0,-1.0,-1.094328273222554,-1.0925049450119186,-1.0976982842069152,-1.0944746000439824,-3.0
3,1.0,-1.0,-0.7883268708740635,-0.8063153161270922,-0.7928933446665356,-0.7934998494977666,-4.0
4,2.0,-1.0,-0.7037456587788566,-0.7013550051851296,-0.7033337620024107,-0.7034139437509629,-5.0
5,1.0,-1.0,-0.5127543550930825,-0.5116795341905793,-0.5098863168306363,-0.5044140388483862,-6.0
6,2.0,-1.0,-0.3827718769521541,-0.3754815797937866,-0.3805709456978888,-0.3770540897724743,-7.0
7,1.0,1.0,-0.1425478446681857,-0.1134730161817175,-0.13670625010807036,-0.1278814954340355,-6.0
