,ACTION,REWARD,A0,A1,A2,A3,V
0,3.0,-1.0,-1.3711883979052457,-1.3658788682319871,-1.3677291536261453,-1.3738415371632076,-1.0
1,1.0,-1.0,-1.3711883979052457,-1.3617697772002695,-1.3677291536261453,-1.3738415371632076,-2.0
2,2.0,-1.0,-1.0610775167335718,-1.0634358008794946,-1.0712554104662233,-1.0635036419824915,-3.0
3,1.0,-1.0,-0.8912534442733391,-0.9018825692998214,-0.8909139440900705,-0.8965364312468314,-4.0
4,0.0,-1.0,-0.6898902075485961,-0.6820384173867804,-0.6862000050608276,-0.6794393957378114,-5.0
5,2.0,-1.0,-0.8912534442733391,-0.9018825692998214,-0.8880654679334723,-0.8965364312468314,-6.0
6,1.0,-1.0,-0.6814535209709756,-0.6710959227887874,-0.6812383593020543,-0.6854493212187687,-7.0
7,1.0,-1.0,-0.4957577770245363,-0.4975315899660293,-0.49595444384183895,-0.4916076325782681,-8.0
8,2.0,1.0,-0.26368431343183907,-0.26415462090937697,-0.10064055852994815,-0.2644252425037571,-7.0
