,ACTION,REWARD,A0,A1,A2,A3,V
0,2.0,-1.0,-1.3625509488540999,-1.364120681853577,-1.3677291536261453,-1.3652067439071147,-1.0
1,1.0,-1.0,-1.037299810234191,-1.0409026906833683,-1.0423799911174543,-1.0385250466404845,-2.0
2,3.0,-1.0,-0.8912534442733391,-0.8875291344424625,-0.8909139440900705,-0.8965364312468314,-3.0
3,1.0,-1.0,-1.0610775167335718,-1.056767151282373,-1.0564527092965312,-1.054558200182674,-4.0
4,2.0,-1.0,-0.806117647157023,-0.8040356788828101,-0.811741755266344,-0.8081688255280783,-5.0
5,2.0,-1.0,-0.6786585677290762,-0.6742241889115863,-0.6785720831034763,-0.6794393957378114,-6.0
6,2.0,-1.0,-0.4957577770245363,-0.49144016839057186,-0.4904047542651193,-0.4916076325782681,-7.0
7,1.0,1.0,-0.19310876986777914,-0.050415235485647206,-0.19366273046311636,-0.20164350782375762,-6.0
