,ACTION,REWARD,A0,A1,A2,A3,V
0,1.0,-1.0,-1.3970489549055352,-1.401181228009284,-1.4002106948900028,-1.3996347815161538,-1.0
1,3.0,-1.0,-1.109291471678392,-1.1029922608173315,-1.100356266463334,-1.1070286913211496,-2.0
2,2.0,-1.0,-1.109291471678392,-1.1029922608173315,-1.107566414327584,-1.1070286913211496,-3.0
3,0.0,-1.0,-0.9231269066015356,-0.9162694490195311,-0.9132793334277941,-0.9179537422051944,-4.0
4,1.0,-1.0,-1.0730968706339536,-1.0762818406812003,-1.075532379802647,-1.0742108041151182,-5.0
5,2.0,-1.0,-0.9231269066015356,-0.9162694490195311,-0.9100152458323738,-0.9179537422051944,-6.0
6,1.0,-1.0,-0.6814535209709756,-0.6502839813325239,-0.6812383593020543,-0.6854493212187687,-7.0
7,1.0,-1.0,-0.5284498597525993,-0.5302245875368394,-0.5261862839574625,-0.5251835529245914,-8.0
8,2.0,1.0,-0.26368431343183907,-0.27202851306099557,-0.0458689251067599,-0.2764005958749637,-7.0
