,ACTION,REWARD,A0,A1,A2,A3,V
0,2.0,-1.0,-1.465466626813085,-1.4648571360220113,-1.4521993197876393,-1.4666792257329633,-1.0
1,2.0,-1.0,-1.124322571703441,-1.1225726929504731,-1.1185750173122446,-1.1237315858728285,-2.0
2,1.0,-1.0,-0.8703084946710392,-0.8325425786445052,-0.8779034046877734,-0.8824692332605167,-3.0
3,1.0,-1.0,-0.6814535209709756,-0.6466423410366886,-0.6893523206452308,-0.6854493212187687,-4.0
4,1.0,-1.0,-0.5716761254449912,-0.5693969721695683,-0.566648914873081,-0.5690903701702824,-5.0
5,0.0,-1.0,-0.2761473105313784,-0.27202851306099557,-0.14446626089983697,-0.2764005958749637,-6.0
6,2.0,-1.0,-0.5716761254449912,-0.5693969721695683,-0.571249571879024,-0.5690903701702824,-7.0
7,1.0,1.0,-0.20605615977710423,-0.03938607701411921,-0.19366273046311636,-0.20164350782375762,-6.0
