,ACTION,REWARD,A0,A1,A2,A3,V
0,2.0,-1.0,-1.414246254044679,-1.412988640837672,-1.4126685136941513,-1.416826911587903,-1.0
1,1.0,-1.0,-1.0820237737633196,-1.073765447315564,-1.082441448039844,-1.087982400969479,-2.0
2,1.0,-1.0,-0.9231269066015356,-0.9234882861090915,-0.9167676492060428,-0.9179537422051944,-3.0
3,2.0,-1.0,-0.7133002587696368,-0.7105419002409226,-0.7167245225108988,-0.7121141760883071,-4.0
4,0.0,-1.0,-0.5389861866841189,-0.5302245875368394,-0.5307359218950755,-0.5362570510987118,-5.0
5,1.0,-1.0,-0.6814535209709756,-0.6450628294828517,-0.6812383593020543,-0.6854493212187687,-6.0
6,1.0,-1.0,-0.5389861866841189,-0.5351478468629453,-0.5307359218950755,-0.5362570510987118,-7.0
7,2.0,1.0,-0.26368431343183907,-0.27202851306099557,-0.034805572162164025,-0.2764005958749637,-6.0
