,ACTION,REWARD,A0,A1,A2,A3,V
0,1.0,-1.0,-1.2769951012320948,-1.2800872708435416,-1.2754817700956358,-1.27497443819383,-1.0
1,2.0,-1.0,-0.9878190807486458,-0.9921343603842577,-0.9886396872046177,-0.985806917024347,-2.0
2,1.0,-1.0,-0.8489510453175325,-0.8466065883497945,-0.841672316793911,-0.8426053904722691,-3.0
3,2.0,-1.0,-0.6562420340666406,-0.6554847659507255,-0.641424469866306,-0.6691056090274347,-4.0
4,2.0,-1.0,-0.4732466284056738,-0.4709978334427756,-0.4592612462622504,-0.4692621485145051,-5.0
5,1.0,1.0,-0.19310876986777914,-0.15162614933005136,-0.17559464274319145,-0.1891747632148242,-4.0
