,ACTION,REWARD,A0,A1,A2,A3,V
0,1.0,-1.0,-1.3711883979052457,-1.3658788682319871,-1.3677291536261453,-1.3652067439071147,-1.0
1,2.0,-1.0,-1.0610775167335718,-1.0634358008794946,-1.0638759444135482,-1.0635036419824915,-2.0
2,1.0,-1.0,-0.8912534442733391,-0.8947218607982421,-0.8909139440900705,-0.8965364312468314,-3.0
3,1.0,-1.0,-0.6786585677290762,-0.6820384173867804,-0.6785720831034763,-0.6794393957378114,-4.0
4,0.0,-1.0,-0.5073188888220206,-0.5132895329160168,-0.5120513561256915,-0.5082097316895328,-5.0
5,2.0,-1.0,-0.6786585677290762,-0.6820384173867804,-0.6862000050608276,-0.6794393957378114,-6.0
6,2.0,-1.0,-0.4957577770245363,-0.49144016839057186,-0.49595444384183895,-0.4916076325782681,-7.0
7,1.0,1.0,-0.19310876986777914,-0.03991108313079073,-0.19366273046311636,-0.20164350782375762,-6.0
