,ACTION,REWARD,A0,A1,A2,A3,V
0,2.0,-1.0,-1.4484553435342715,-1.447807374023016,-1.439195584946614,-1.4425358105677055,-1.0
1,0.0,-1.0,-1.1065445542674217,-1.1108612765678543,-1.1129777472578042,-1.1118674379572921,-2.0
2,0.0,-1.0,-1.1154380097131542,-1.1108612765678543,-1.1129777472578042,-1.1118674379572921,-3.0
3,1.0,-1.0,-1.1154380097131542,-1.1080616670155823,-1.1129777472578042,-1.1118674379572921,-4.0
4,2.0,-1.0,-0.9342159887343022,-0.9307039239505986,-0.9298673168289066,-0.9403714148679786,-5.0
5,1.0,-1.0,-0.6814535209709756,-0.6514705518502342,-0.6893523206452308,-0.6854493212187687,-6.0
6,1.0,-1.0,-0.5604269761205222,-0.5514074993678603,-0.5575768226237505,-0.5582507501792278,-7.0
7,2.0,1.0,-0.26368431343183907,-0.27202851306099557,-0.10937196262124486,-0.2764005958749637,-6.0
