,ACTION,REWARD,A0,A1,A2,A3,V
0,1.0,-1.0,-1.4399635953290328,-1.447807374023016,-1.4368458185254236,-1.4425358105677055,-1.0
1,1.0,-1.0,-1.13261495452013,-1.1355306277472892,-1.1332221405547844,-1.1336024456170255,-2.0
2,2.0,-1.0,-0.8635603349415606,-0.8646870583549855,-0.8529753410323108,-0.8606719927887454,-3.0
3,2.0,-1.0,-0.7244786507569222,-0.7182223065636482,-0.7078144996961064,-0.7226614725724694,-4.0
4,1.0,-1.0,-0.5604269761205222,-0.550750674840435,-0.5531080711654515,-0.5582507501792278,-5.0
5,2.0,1.0,-0.26368431343183907,-0.27202851306099557,-0.09128860587822146,-0.2764005958749637,-4.0
