,ACTION,REWARD,A0,A1,A2,A3,V
0,2.0,-1.0,-1.4313949903193521,-1.4304950384322106,-1.4248157557440828,-1.4339697803480536,-1.0
1,2.0,-1.0,-1.0909417499895562,-1.0887274983482569,-1.0930762292417822,-1.087982400969479,-2.0
2,1.0,-1.0,-0.8703084946710392,-0.8505712341007167,-0.8779034046877734,-0.8824692332605167,-3.0
3,1.0,-1.0,-0.6814535209709756,-0.65104161318321,-0.6812383593020543,-0.6854493212187687,-4.0
4,2.0,-1.0,-0.5500069024622295,-0.5451946388298228,-0.5485951117947203,-0.5473141829166515,-5.0
5,1.0,1.0,-0.20605615977710423,0.0001210568135220913,-0.19366273046311636,-0.20164350782375762,-4.0
