,ACTION,REWARD,A0,A1,A2,A3,V
0,0.0,-1.0,-1.4569235503634483,-1.447807374023016,-1.439195584946614,-1.4425358105677055,-1.0
1,2.0,-1.0,-1.4569235503634483,-1.447807374023016,-1.4447761841002882,-1.4425358105677055,-2.0
2,1.0,-1.0,-1.1154380097131542,-1.1153498561968866,-1.1129777472578042,-1.1118674379572921,-3.0
3,2.0,-1.0,-0.9342159887343022,-0.9307039239505986,-0.9364318786272696,-0.9403714148679786,-4.0
4,1.0,-1.0,-0.6814535209709756,-0.6499185138260426,-0.6893523206452308,-0.6854493212187687,-5.0
5,1.0,-1.0,-0.5604269761205222,-0.5468777720377729,-0.5575768226237505,-0.5582507501792278,-6.0
6,2.0,1.0,-0.26368431343183907,-0.27202851306099557,-0.11827824299503242,-0.2764005958749637,-5.0
