,ACTION,REWARD,A0,A1,A2,A3,V
0,2.0,-1.0,-1.4484553435342715,-1.447807374023016,-1.4335623384730798,-1.4425358105677055,-1.0
1,2.0,-1.0,-1.1076522064738956,-1.1108612765678543,-1.1129777472578042,-1.1118674379572921,-2.0
2,1.0,-1.0,-0.8703084946710392,-0.842788724685071,-0.8779034046877734,-0.8824692332605167,-3.0
3,1.0,-1.0,-0.6814535209709756,-0.6529959282427573,-0.6893523206452308,-0.6854493212187687,-4.0
4,2.0,-1.0,-0.5604269761205222,-0.5560647655449347,-0.5575768226237505,-0.5582507501792278,-5.0
5,1.0,1.0,-0.20605615977710423,-0.009981538694896328,-0.19366273046311636,-0.20164350782375762,-4.0
