,ACTION,REWARD,A0,A1,A2,A3,V
0,0.0,-1.0,-1.3711883979052457,-1.364120681853577,-1.3677291536261453,-1.3652067439071147,-1.0
1,1.0,-1.0,-1.3711883979052457,-1.3599704988366852,-1.3677291536261453,-1.3652067439071147,-2.0
2,3.0,-1.0,-1.0610775167335718,-1.056767151282373,-1.0564527092965312,-1.0635036419824915,-3.0
3,1.0,-1.0,-1.0610775167335718,-1.0634358008794946,-1.0564527092965312,-1.0635036419824915,-4.0
4,1.0,-1.0,-0.806117647157023,-0.8119903581820563,-0.811741755266344,-0.8081688255280783,-5.0
5,2.0,-1.0,-0.6763851143328633,-0.6719273976294325,-0.6739881096243523,-0.6722101673087791,-6.0
6,1.0,-1.0,-0.5062744849233225,-0.5132895329160168,-0.5060045090348653,-0.5082097316895328,-7.0
7,2.0,-1.0,-0.5062744849233225,-0.5132895329160168,-0.5120513561256915,-0.5082097316895328,-8.0
8,2.0,1.0,-0.26368431343183907,-0.26415462090937697,-0.11175813992924055,-0.2644252425037571,-7.0
