,ACTION,REWARD,A0,A1,A2,A3,V
0,0.0,-1.0,-1.1993905734261174,-1.1910894115104544,-1.1955069532012736,-1.1973771896544925,-1.0
1,1.0,-1.0,-1.1993905734261174,-1.1975302010269129,-1.1955069532012736,-1.1973771896544925,-2.0
2,2.0,-1.0,-0.941654408032655,-0.9320556990171986,-0.9355128952720546,-0.9334680874861593,-3.0
3,1.0,-1.0,-0.7652773841987467,-0.7562495399854602,-0.7685214388151932,-0.7785639164864114,-4.0
4,0.0,-1.0,-0.5891364627337022,-0.5805524795724561,-0.5837379369246434,-0.5855700363982738,-5.0
5,1.0,-1.0,-0.7652773841987467,-0.7539120169017577,-0.7685214388151932,-0.7785639164864114,-6.0
6,1.0,-1.0,-0.5891364627337022,-0.5883874255617086,-0.5837379369246434,-0.5855700363982738,-7.0
7,2.0,-1.0,-0.412585218509156,-0.4093279811457272,-0.41207301682866854,-0.40955283754889826,-8.0
8,2.0,1.0,-0.18862552366573787,-0.1964820102970315,-0.18833535293066447,-0.1938060249856554,-7.0
