,ACTION,REWARD,A0,A1,A2,A3,V
0,2.0,-1.0,-1.388437392297833,-1.3892753621799716,-1.3889071315909731,-1.3910258073234774,-1.0
1,2.0,-1.0,-1.0641610316656194,-1.0687498249296465,-1.0685293662131774,-1.0623306321772712,-2.0
2,1.0,-1.0,-0.8703084946710392,-0.8542563612890491,-0.8779034046877734,-0.8824692332605167,-3.0
3,1.0,-1.0,-0.6814535209709756,-0.6558028169089011,-0.6812383593020543,-0.6854493212187687,-4.0
4,0.0,-1.0,-0.5284498597525993,-0.5199290126131731,-0.5215007859817368,-0.5251835529245914,-5.0
5,1.0,-1.0,-0.6814535209709756,-0.6539241498533306,-0.6812383593020543,-0.6854493212187687,-6.0
6,1.0,-1.0,-0.5284498597525993,-0.5251500064641467,-0.5215007859817368,-0.5251835529245914,-7.0
7,2.0,1.0,-0.26368431343183907,-0.27202851306099557,-0.036231237481575654,-0.2764005958749637,-6.0
