,ACTION,REWARD,A0,A1,A2,A3,V
0,2.0,-1.0,-1.3798172095073404,-1.3753718196040123,-1.3705145391864009,-1.3824124377852853,-1.0
1,2.0,-1.0,-1.055216247913533,-1.0460072470209543,-1.0570488998048921,-1.0504491121677895,-2.0
2,1.0,-1.0,-0.8703084946710392,-0.8621755989697231,-0.8779034046877734,-0.8824692332605167,-3.0
3,1.0,-1.0,-0.6814535209709756,-0.667949619988257,-0.6812383593020543,-0.6854493212187687,-4.0
4,1.0,-1.0,-0.5068194841445779,-0.5090379919311789,-0.506606165910777,-0.5140468100222356,-5.0
5,2.0,1.0,-0.26368431343183907,-0.26415462090937697,-0.06795043330105015,-0.2644252425037571,-4.0
