,ACTION,REWARD,A0,A1,A2,A3,V
0,1.0,-1.0,-1.4228178081274796,-1.4304950384322106,-1.4237551687223866,-1.4254100846763151,-1.0
1,1.0,-1.0,-1.120949999165899,-1.1226365013142432,-1.1261137512494857,-1.1336024456170255,-2.0
2,1.0,-1.0,-0.8635603349415606,-0.8646870583549855,-0.8572797838837908,-0.8606719927887454,-3.0
3,1.0,-1.0,-0.7094668222449844,-0.7085045431593567,-0.7029666489578212,-0.7001655627651446,-4.0
4,3.0,-1.0,-0.7094668222449844,-0.7085045431593567,-0.7029666489578212,-0.6994653972023794,-5.0
5,3.0,-1.0,-0.7094668222449844,-0.7085045431593567,-0.7029666489578212,-0.7087659318051771,-6.0
6,2.0,-1.0,-0.7094668222449844,-0.7085045431593567,-0.7107374916392699,-0.7087659318051771,-7.0
7,2.0,-1.0,-0.542849813349631,-0.5411323547547363,-0.5284561264609204,-0.5411240389929167,-8.0
8,2.0,1.0,-0.26368431343183907,-0.27202851306099557,-0.054012941276136955,-0.2764005958749637,-7.0
