,ACTION,REWARD,A0,A1,A2,A3,V
0,0.0,-1.0,-1.4228178081274796,-1.412988640837672,-1.4126685136941513,-1.416826911587903,-1.0
1,2.0,-1.0,-1.4228178081274796,-1.412988640837672,-1.4182057175830498,-1.416826911587903,-2.0
2,1.0,-1.0,-1.0820237737633196,-1.0812787016852627,-1.082441448039844,-1.087982400969479,-3.0
3,2.0,-1.0,-0.9231269066015356,-0.9234882861090915,-0.923405538179328,-0.9179537422051944,-4.0
4,1.0,-1.0,-0.6814535209709756,-0.6433888244850788,-0.6812383593020543,-0.6854493212187687,-5.0
5,2.0,-1.0,-0.5389861866841189,-0.5351478468629453,-0.5351519484455404,-0.5362570510987118,-6.0
6,1.0,1.0,-0.19310876986777914,0.020427565364271087,-0.19366273046311636,-0.20164350782375762,-5.0
