,ACTION,REWARD,A0,A1,A2,A3,V
0,1.0,-1.0,-1.1817629174981963,-1.1715069285960775,-1.1771325260178753,-1.179745500910813,-1.0
1,3.0,-1.0,-0.9189352593792862,-0.9185798205348198,-0.9199542783446434,-0.9243924799661254,-2.0
2,1.0,-1.0,-0.9189352593792862,-0.9252977402848752,-0.9199542783446434,-0.9243924799661254,-3.0
3,2.0,-1.0,-0.6658515442058033,-0.6597388743070218,-0.6643787844139121,-0.6626967569860008,-4.0
4,2.0,-1.0,-0.5556944283662497,-0.5567146767807449,-0.5601938710684565,-0.5649692511011405,-5.0
5,1.0,-1.0,-0.4155155059185732,-0.4114115496642279,-0.39053843571203034,-0.4007596868544547,-6.0
6,2.0,1.0,-0.18862552366573787,-0.1964820102970315,-0.1801367201319843,-0.1938060249856554,-5.0
