,ACTION,REWARD,A0,A1,A2,A3,V
0,3.0,-1.0,-1.2769951012320948,-1.2800872708435416,-1.2754817700956358,-1.283699463755636,-1.0
1,2.0,-1.0,-1.2769951012320948,-1.2800872708435416,-1.271441442061521,-1.283699463755636,-2.0
2,0.0,-1.0,-0.9773083530194038,-0.9703683152624267,-0.9707867075810638,-0.975545762783254,-3.0
3,1.0,-1.0,-0.9773083530194038,-0.9782396829609477,-0.9707867075810638,-0.975545762783254,-4.0
4,2.0,-1.0,-0.8489510453175325,-0.8466065883497945,-0.8491094970910976,-0.8426053904722691,-5.0
5,1.0,-1.0,-0.6595260158764845,-0.6580627323801923,-0.6587937469952695,-0.6611002586853619,-6.0
6,2.0,-1.0,-0.4732466284056738,-0.4709978334427756,-0.4660332691435984,-0.4692621485145051,-7.0
7,1.0,1.0,-0.19310876986777914,-0.16010988783675084,-0.17559464274319145,-0.1891747632148242,-6.0
