,ACTION,REWARD,A0,A1,A2,A3,V
0,0.0,-1.0,-1.5542213361953001,-1.5474659000279554,-1.547701475171656,-1.5469605834433267,-1.0
1,1.0,-1.0,-1.5542213361953001,-1.542714529103226,-1.547701475171656,-1.5469605834433267,-2.0
2,1.0,-1.0,-1.1919288391885747,-1.1971191482332268,-1.1953308717839641,-1.194262739432661,-3.0
3,2.0,-1.0,-0.8754453856915841,-0.8646870583549855,-0.8375399880602893,-0.8606719927887454,-4.0
4,2.0,-1.0,-0.7244786507569222,-0.7182223065636482,-0.6996239788335895,-0.73293945281223,-5.0
5,2.0,-1.0,-0.6187667605098878,-0.6188157504558844,-0.6043753268050256,-0.6211186686169551,-6.0
6,1.0,1.0,-0.20605615977710423,-0.05796661488166595,-0.19366273046311636,-0.20164350782375762,-5.0
