,ACTION,REWARD,A0,A1,A2,A3,V
0,3.0,-1.0,-1.6000597647697885,-1.601427022860963,-1.6025132933335031,-1.6080959550856417,-1.0
1,0.0,-1.0,-1.6084597050050187,-1.601427022860963,-1.6025132933335031,-1.6080959550856417,-2.0
2,0.0,-1.0,-1.616787951160717,-1.601427022860963,-1.6025132933335031,-1.6080959550856417,-3.0
3,1.0,-1.0,-1.616787951160717,-1.6065236972587305,-1.6025132933335031,-1.6080959550856417,-4.0
4,1.0,-1.0,-1.2399105702359134,-1.2396115030348211,-1.2350269815450925,-1.2370151530198188,-5.0
5,2.0,-1.0,-0.8754453856915841,-0.8646870583549855,-0.8310085164062276,-0.8606719927887454,-6.0
6,2.0,-1.0,-0.736059441145601,-0.7182223065636482,-0.684312098342334,-0.73293945281223,-7.0
7,2.0,-1.0,-0.6187667605098878,-0.6188157504558844,-0.5902683867359084,-0.6311642906664459,-8.0
8,1.0,1.0,-0.20868663089418396,-0.12140508564574744,-0.20008188992302833,-0.21459399298323917,-7.0
