,ACTION,REWARD,A0,A1,A2,A3,V
0,1.0,-1.0,-1.6701450149560466,-1.6498418712477072,-1.6698004105508644,-1.6685479074000726,-1.0
1,1.0,-1.0,-1.2706683870492057,-1.2439147221096287,-1.26717084126594,-1.2707625249922923,-2.0
2,2.0,-1.0,-0.8754453856915841,-0.8724167286598699,-0.8265172374561731,-0.8606719927887454,-3.0
3,2.0,-1.0,-0.736059441145601,-0.7182223065636482,-0.6668598940567254,-0.73293945281223,-4.0
4,3.0,-1.0,-0.6655713196704515,-0.6628960015835691,-0.6622953317374937,-0.6695194197361984,-5.0
5,2.0,-1.0,-0.736059441145601,-0.7182223065636482,-0.6661519531017956,-0.73293945281223,-6.0
6,2.0,-1.0,-0.6655713196704515,-0.6628960015835691,-0.6652578186801292,-0.6695194197361984,-7.0
7,1.0,1.0,-0.20868663089418396,0.055601571398849935,-0.2083886789483336,-0.22793914558611145,-6.0
