,ACTION,REWARD,A0,A1,A2,A3,V
0,3.0,-1.0,-1.5542213361953001,-1.553282960586136,-1.552933492001203,-1.560707694516436,-1.0
1,1.0,-1.0,-1.5542213361953001,-1.5585670096542235,-1.552933492001203,-1.560707694516436,-2.0
2,3.0,-1.0,-1.203932196047679,-1.202685816643437,-1.2020377954694546,-1.2106735328083187,-3.0
3,2.0,-1.0,-1.203932196047679,-1.202685816643437,-1.208714995664485,-1.2106735328083187,-4.0
4,2.0,-1.0,-0.9667656287151575,-0.9717572588359612,-0.9624365346979343,-0.9733996367004025,-5.0
5,1.0,-1.0,-0.6814535209709756,-0.6326652015228592,-0.7027736918388422,-0.6854493212187687,-6.0
6,2.0,-1.0,-0.6187667605098878,-0.6188157504558844,-0.5883931200089544,-0.6211186686169551,-7.0
7,1.0,1.0,-0.20605615977710423,-0.09508648896853493,-0.19366273046311636,-0.20164350782375762,-6.0
