,ACTION,REWARD,A0,A1,A2,A3,V
0,2.0,-1.0,-1.4738907695096852,-1.4760570501179187,-1.4785116591545642,-1.4752125465072303,-1.0
1,1.0,-1.0,-1.1420650508826058,-1.1439444722197436,-1.1419393471228196,-1.1374857553878206,-2.0
2,1.0,-1.0,-0.9449127709343776,-0.9448275185273541,-0.9392561214992015,-0.951170122729852,-3.0
3,2.0,-1.0,-0.7244786507569222,-0.7182223065636482,-0.7055853633763756,-0.7226614725724694,-4.0
4,0.0,-1.0,-0.5816690525071311,-0.5750031987959712,-0.5732363754838318,-0.5798027859664688,-5.0
5,1.0,-1.0,-0.6814535209709756,-0.6332248422042213,-0.6893523206452308,-0.6854493212187687,-6.0
6,2.0,-1.0,-0.5816690525071311,-0.5750031987959712,-0.5773833515099346,-0.5798027859664688,-7.0
7,1.0,1.0,-0.20605615977710423,0.013272624096478574,-0.19366273046311636,-0.20164350782375762,-6.0
