,ACTION,REWARD,A0,A1,A2,A3,V
0,1.0,-1.0,-1.5748094602971086,-1.5808035379543104,-1.5784825718680537,-1.5828698074815337,-1.0
1,2.0,-1.0,-1.2278935023940185,-1.2294175657464614,-1.221837479319338,-1.228243396416235,-2.0
2,1.0,-1.0,-0.988818524974713,-0.9847314694939818,-0.9806196551386668,-0.9857384554264078,-3.0
3,0.0,-1.0,-0.736059441145601,-0.7182223065636482,-0.6932503435368689,-0.73293945281223,-4.0
4,2.0,-1.0,-0.988818524974713,-0.9847314694939818,-0.9865205450937987,-0.9857384554264078,-5.0
5,1.0,-1.0,-0.6814535209709756,-0.6327122406001217,-0.7027736918388422,-0.6854493212187687,-6.0
6,2.0,-1.0,-0.6187667605098878,-0.6188157504558844,-0.5542730114695291,-0.6311642906664459,-7.0
7,1.0,1.0,-0.20868663089418396,-0.17406017637334006,-0.20008188992302833,-0.21459399298323917,-6.0
