,ACTION,REWARD,A0,A1,A2,A3,V
0,3.0,-1.0,-1.5542213361953001,-1.553282960586136,-1.547825258472605,-1.5522599544709068,-1.0
1,2.0,-1.0,-1.5542213361953001,-1.553282960586136,-1.552933492001203,-1.5522599544709068,-2.0
2,0.0,-1.0,-1.1850999585789563,-1.1788354972957504,-1.1796325680924449,-1.1857904245686992,-3.0
3,1.0,-1.0,-1.1850999585789563,-1.1857332755480936,-1.1796325680924449,-1.1857904245686992,-4.0
4,1.0,-1.0,-0.9667656287151575,-0.9717572588359612,-0.9663975721916658,-0.9733996367004025,-5.0
5,2.0,-1.0,-0.7244786507569222,-0.7182223065636482,-0.696476125274272,-0.73293945281223,-6.0
6,2.0,-1.0,-0.6187667605098878,-0.6188157504558844,-0.5935551580534109,-0.6211186686169551,-7.0
7,1.0,1.0,-0.20605615977710423,-0.08594594845306558,-0.19366273046311636,-0.20164350782375762,-6.0
