,ACTION,REWARD,A0,A1,A2,A3,V
0,1.0,-1.0,-1.4738907695096852,-1.470485233557643,-1.4663761300636435,-1.4666792257329633,-1.0
1,0.0,-1.0,-1.1560957889879322,-1.141852099539107,-1.1472715358187526,-1.1424688431714085,-2.0
2,2.0,-1.0,-1.4738907695096852,-1.470485233557643,-1.4618810834066147,-1.4666792257329633,-3.0
3,2.0,-1.0,-1.1331982491317376,-1.1368726544034673,-1.1359397846029367,-1.1356420629860848,-4.0
4,1.0,-1.0,-0.8703084946710392,-0.8176622628791436,-0.8779034046877734,-0.8824692332605167,-5.0
5,1.0,-1.0,-0.6814535209709756,-0.6356857863800079,-0.6893523206452308,-0.6854493212187687,-6.0
6,2.0,-1.0,-0.5716761254449912,-0.5750031987959712,-0.5645427153558967,-0.5798027859664688,-7.0
7,1.0,1.0,-0.20605615977710423,-0.0066251494678665306,-0.19366273046311636,-0.20164350782375762,-6.0
