,ACTION,REWARD,A0,A1,A2,A3,V
0,1.0,-1.0,-1.616787951160717,-1.611573703120049,-1.6072663494111292,-1.6080959550856417,-1.0
1,2.0,-1.0,-1.2399105702359134,-1.2396115030348211,-1.241532236209657,-1.2370151530198188,-2.0
2,1.0,-1.0,-0.988818524974713,-0.9902665016867739,-0.9865205450937987,-0.9857384554264078,-3.0
3,2.0,-1.0,-0.736059441145601,-0.7182223065636482,-0.6828281024966649,-0.73293945281223,-4.0
4,2.0,-1.0,-0.6187667605098878,-0.6188157504558844,-0.600495484466071,-0.6311642906664459,-5.0
5,1.0,1.0,-0.20868663089418396,-0.09908912444139706,-0.20008188992302833,-0.21459399298323917,-4.0
