,ACTION,REWARD,A0,A1,A2,A3,V
0,0.0,-1.0,-1.4865060498382923,-1.4925230074641722,-1.4894017293419992,-1.5006867358897484,-1.0
1,0.0,-1.0,-1.495019543788454,-1.4925230074641722,-1.4894017293419992,-1.5006867358897484,-2.0
2,2.0,-1.0,-1.495019543788454,-1.4925230074641722,-1.4947862975065227,-1.5006867358897484,-3.0
3,0.0,-1.0,-1.1509229858317231,-1.1439444722197436,-1.1479468149625414,-1.1494261594905386,-4.0
4,1.0,-1.0,-1.1509229858317231,-1.1510084751642924,-1.1479468149625414,-1.1494261594905386,-5.0
5,1.0,-1.0,-0.9449127709343776,-0.9516803938885958,-0.9455625838640475,-0.951170122729852,-6.0
6,2.0,-1.0,-0.7244786507569222,-0.7182223065636482,-0.6983599706960807,-0.7226614725724694,-7.0
7,2.0,-1.0,-0.5816690525071311,-0.591142566437623,-0.5854669046534876,-0.59033829174596,-8.0
8,1.0,1.0,-0.20605615977710423,0.03290849887695865,-0.19366273046311636,-0.20164350782375762,-7.0
