,ACTION,REWARD,A0,A1,A2,A3,V
0,2.0,-1.0,-1.6000597647697885,-1.601427022860963,-1.5929604349412472,-1.5996956507363782,-1.0
1,3.0,-1.0,-1.2103366746051771,-1.2030067277781964,-1.192226189144989,-1.2245988712010203,-2.0
2,2.0,-1.0,-1.6000597647697885,-1.601427022860963,-1.5977608662941396,-1.5996956507363782,-3.0
3,1.0,-1.0,-1.2103366746051771,-1.2097744658747958,-1.192226189144989,-1.2245988712010203,-4.0
4,1.0,-1.0,-0.988818524974713,-0.9839471644461544,-0.9865205450937987,-0.9857384554264078,-5.0
5,2.0,-1.0,-0.736059441145601,-0.7182223065636482,-0.6859068597117403,-0.73293945281223,-6.0
6,2.0,-1.0,-0.6187667605098878,-0.6188157504558844,-0.5794196544847783,-0.6311642906664459,-7.0
7,1.0,1.0,-0.20868663089418396,-0.1441741512557366,-0.20008188992302833,-0.21459399298323917,-6.0
