,ACTION,REWARD,A0,A1,A2,A3,V
0,2.0,-1.0,-1.6634702920698943,-1.6610499595296353,-1.6652838487903352,-1.6685479074000726,-1.0
1,0.0,-1.0,-1.2529066749684927,-1.246939107778455,-1.2464977837684077,-1.249671491079067,-2.0
2,2.0,-1.0,-1.2529066749684927,-1.246939107778455,-1.2410444720480462,-1.249671491079067,-3.0
3,1.0,-1.0,-0.8703084946710392,-0.7770031967540036,-0.8932391772441156,-0.8824692332605167,-4.0
4,1.0,-1.0,-0.6918052496936956,-0.6350658731457144,-0.7027736918388422,-0.6854493212187687,-5.0
5,2.0,-1.0,-0.6564239853205418,-0.6538590875586189,-0.6560157208243004,-0.6601188693835232,-6.0
6,1.0,1.0,-0.20868663089418396,0.026693391829580304,-0.2083886789483336,-0.22793914558611145,-5.0
