,ACTION,REWARD,A0,A1,A2,A3,V
0,1.0,-1.0,-1.5120209997204208,-1.5094378226935306,-1.5108561377810388,-1.5161546092298663,-1.0
1,2.0,-1.0,-1.168066551816255,-1.1625352446077137,-1.1681622121491262,-1.1689615666043562,-2.0
2,2.0,-1.0,-0.9558084786604487,-0.9516803938885958,-0.9478835823833088,-0.951170122729852,-3.0
3,1.0,-1.0,-0.6814535209709756,-0.6250700646420525,-0.6893523206452308,-0.6854493212187687,-4.0
4,2.0,-1.0,-0.6012673156749377,-0.5966395995753344,-0.596639904385143,-0.6007044113606556,-5.0
5,1.0,1.0,-0.20605615977710423,0.04163208355181411,-0.19366273046311636,-0.20164350782375762,-4.0
