,ACTION,REWARD,A0,A1,A2,A3,V
0,3.0,-1.0,-1.5120209997204208,-1.5087055436319778,-1.5108561377810388,-1.5161546092298663,-1.0
1,1.0,-1.0,-1.5120209997204208,-1.5040271700206043,-1.5108561377810388,-1.5161546092298663,-2.0
2,1.0,-1.0,-1.168066551816255,-1.1625352446077137,-1.1612138192369268,-1.1689615666043562,-3.0
3,2.0,-1.0,-0.8635603349415606,-0.8646870583549855,-0.8400815150528845,-0.8606719927887454,-4.0
4,2.0,-1.0,-0.7244786507569222,-0.7182223065636482,-0.7033386185647846,-0.7226614725724694,-5.0
5,1.0,-1.0,-0.6012673156749377,-0.5966395995753344,-0.5930396838008958,-0.6007044113606556,-6.0
6,2.0,1.0,-0.2761473105313784,-0.27202851306099557,-0.13553414512742853,-0.2764005958749637,-5.0
