,ACTION,REWARD,A0,A1,A2,A3,V
0,1.0,-1.0,-1.5711044477442457,-1.5590028465528265,-1.5684634892871585,-1.5691469868219194,-1.0
1,0.0,-1.0,-1.2159238997061776,-1.2081781093129054,-1.208714995664485,-1.2106735328083187,-2.0
2,1.0,-1.0,-1.5711044477442457,-1.5642864210711145,-1.5684634892871585,-1.5691469868219194,-3.0
3,1.0,-1.0,-1.2159238997061776,-1.2135967021134673,-1.208714995664485,-1.2106735328083187,-4.0
4,2.0,-1.0,-0.8754453856915841,-0.8646870583549855,-0.8312932004199872,-0.8606719927887454,-5.0
5,2.0,-1.0,-0.7244786507569222,-0.7182223065636482,-0.6928088683529122,-0.73293945281223,-6.0
6,2.0,-1.0,-0.6187667605098878,-0.6188157504558844,-0.570157865841057,-0.6211186686169551,-7.0
7,1.0,1.0,-0.20605615977710423,-0.1480418924391128,-0.19199320528051023,-0.20164350782375762,-6.0
