,ACTION,REWARD,A0,A1,A2,A3,V
0,1.0,-1.0,-1.6501040325925675,-1.641720158956139,-1.6401368549308573,-1.6435411077668112,-1.0
1,1.0,-1.0,-1.256154838974668,-1.2593579777333768,-1.2607953502247664,-1.262024549541834,-2.0
2,2.0,-1.0,-0.8754453856915841,-0.8724167286598699,-0.8279671570361194,-0.8606719927887454,-3.0
3,2.0,-1.0,-0.736059441145601,-0.7182223065636482,-0.6726224669144695,-0.73293945281223,-4.0
4,0.0,-1.0,-0.6471342004731219,-0.6394551993147539,-0.6400007189674753,-0.6409435364661438,-5.0
5,1.0,-1.0,-0.6918052496936956,-0.6421663057805089,-0.7027736918388422,-0.6854493212187687,-6.0
6,1.0,-1.0,-0.6471342004731219,-0.6444086550482712,-0.6400007189674753,-0.6409435364661438,-7.0
7,2.0,1.0,-0.2761473105313784,-0.27202851306099557,-0.13828084993312292,-0.2883926950543623,-6.0
