,ACTION,REWARD,A0,A1,A2,A3,V
0,2.0,-1.0,-1.5120209997204208,-1.5148062616680646,-1.5161696524862351,-1.5161546092298663,-1.0
1,2.0,-1.0,-1.1597720628458914,-1.158008453667426,-1.1554738241039169,-1.1614243507920419,-2.0
2,1.0,-1.0,-0.8703084946710392,-0.8149786066146397,-0.8779034046877734,-0.8824692332605167,-3.0
3,1.0,-1.0,-0.6814535209709756,-0.6241891231350982,-0.6893523206452308,-0.6854493212187687,-4.0
4,2.0,-1.0,-0.6012673156749377,-0.6018930108857279,-0.6002988165893253,-0.6007044113606556,-5.0
5,1.0,1.0,-0.20605615977710423,0.031215762716295968,-0.19366273046311636,-0.20164350782375762,-4.0
