,ACTION,REWARD,A0,A1,A2,A3,V
0,1.0,-1.0,-1.5120209997204208,-1.5148062616680646,-1.5108561377810388,-1.5161546092298663,-1.0
1,1.0,-1.0,-1.168066551816255,-1.1684706257971125,-1.1681622121491262,-1.1689615666043562,-2.0
2,2.0,-1.0,-0.8635603349415606,-0.8646870583549855,-0.8380107474694387,-0.8606719927887454,-3.0
3,2.0,-1.0,-0.7244786507569222,-0.7182223065636482,-0.7016749887753148,-0.7226614725724694,-4.0
4,1.0,-1.0,-0.6012673156749377,-0.6018930108857279,-0.596639904385143,-0.6007044113606556,-5.0
5,2.0,1.0,-0.2761473105313784,-0.27202851306099557,-0.14417880367615424,-0.2764005958749637,-4.0
