,ACTION,REWARD,A0,A1,A2,A3,V
0,2.0,-1.0,-1.6000597647697885,-1.601427022860963,-1.6025132933335031,-1.5996956507363782,-1.0
1,2.0,-1.0,-1.2103366746051771,-1.2097744658747958,-1.1975765567734669,-1.2245988712010203,-2.0
2,1.0,-1.0,-0.8703084946710392,-0.8056608155713123,-0.8856025295331201,-0.8824692332605167,-3.0
3,1.0,-1.0,-0.6814535209709756,-0.6290872986101893,-0.7027736918388422,-0.6854493212187687,-4.0
4,2.0,-1.0,-0.6187667605098878,-0.6188157504558844,-0.5849230253012321,-0.6311642906664459,-5.0
5,1.0,1.0,-0.20868663089418396,-0.13273240974317924,-0.20008188992302833,-0.21459399298323917,-4.0
