,ACTION,REWARD,A0,A1,A2,A3,V
0,1.0,-1.0,-1.5711044477442457,-1.5695219918213836,-1.5684634892871585,-1.5691469868219194,-1.0
1,2.0,-1.0,-1.2159238997061776,-1.2135967021134673,-1.2053287363662766,-1.2106735328083187,-2.0
2,0.0,-1.0,-0.9778308132724499,-0.9717572588359612,-0.9685772816337055,-0.9733996367004025,-3.0
3,1.0,-1.0,-1.192730943761757,-1.1893296884235485,-1.1962244261097286,-1.1978647079747584,-4.0
4,2.0,-1.0,-0.9778308132724499,-0.9717572588359612,-0.9746343768084487,-0.9733996367004025,-5.0
5,1.0,-1.0,-0.6814535209709756,-0.6368468998113976,-0.7027736918388422,-0.6854493212187687,-6.0
6,2.0,-1.0,-0.6187667605098878,-0.6188157504558844,-0.5657886642145984,-0.6211186686169551,-7.0
7,1.0,1.0,-0.20605615977710423,-0.1565614735147217,-0.19199320528051023,-0.20164350782375762,-6.0
