,ACTION,REWARD,A0,A1,A2,A3,V
0,1.0,-1.0,-1.5916514161859745,-1.5963255199689343,-1.5933741591572204,-1.5912869376740522,-1.0
1,3.0,-1.0,-1.2399105702359134,-1.2294175657464614,-1.2284816877515905,-1.2370151530198188,-2.0
2,2.0,-1.0,-1.2399105702359134,-1.2294175657464614,-1.2350269815450925,-1.2370151530198188,-3.0
3,1.0,-1.0,-0.988818524974713,-0.9775339304868076,-0.9865205450937987,-0.9857384554264078,-4.0
4,2.0,-1.0,-0.736059441145601,-0.7182223065636482,-0.6894002468106369,-0.73293945281223,-5.0
5,2.0,-1.0,-0.6187667605098878,-0.6188157504558844,-0.5623058509851874,-0.6311642906664459,-6.0
6,1.0,1.0,-0.20868663089418396,-0.15879141507487549,-0.20008188992302833,-0.21459399298323917,-5.0
