,ACTION,REWARD,A0,A1,A2,A3,V
0,1.0,-1.0,-1.6701450149560466,-1.6551528951957348,-1.6698004105508644,-1.6685479074000726,-1.0
1,1.0,-1.0,-1.2706683870492057,-1.2489450004366442,-1.26717084126594,-1.2707625249922923,-2.0
2,2.0,-1.0,-0.8754453856915841,-0.8724167286598699,-0.828796853038997,-0.8606719927887454,-3.0
3,2.0,-1.0,-0.736059441145601,-0.7182223065636482,-0.6675947719517916,-0.73293945281223,-4.0
4,2.0,-1.0,-0.6655713196704515,-0.6628960015835691,-0.6622953317374937,-0.6601188693835232,-5.0
5,1.0,1.0,-0.20868663089418396,0.04606219333217165,-0.2083886789483336,-0.22793914558611145,-4.0
