,ACTION,REWARD,A0,A1,A2,A3,V
0,3.0,-1.0,-1.5916514161859745,-1.5963255199689343,-1.5933741591572204,-1.5996956507363782,-1.0
1,0.0,-1.0,-1.6000597647697885,-1.5963255199689343,-1.5933741591572204,-1.5996956507363782,-2.0
2,2.0,-1.0,-1.6000597647697885,-1.5963255199689343,-1.5982125244837802,-1.5996956507363782,-3.0
3,2.0,-1.0,-1.2103366746051771,-1.2030067277781964,-1.192226189144989,-1.2123860881682313,-4.0
4,1.0,-1.0,-0.8703084946710392,-0.8080699466586274,-0.8856025295331201,-0.8824692332605167,-5.0
5,1.0,-1.0,-0.6814535209709756,-0.6301742643634609,-0.7027736918388422,-0.6854493212187687,-6.0
6,2.0,-1.0,-0.6187667605098878,-0.6188157504558844,-0.5681119152110093,-0.6311642906664459,-7.0
7,1.0,1.0,-0.20868663089418396,-0.14720350092412673,-0.20008188992302833,-0.21459399298323917,-6.0
