,ACTION,REWARD,A0,A1,A2,A3,V
0,2.0,-1.0,-1.6501040325925675,-1.641720158956139,-1.6447444563214653,-1.6435411077668112,-1.0
1,2.0,-1.0,-1.227850685526661,-1.2270077659385812,-1.2281326077033639,-1.2245988712010203,-2.0
2,1.0,-1.0,-0.8703084946710392,-0.7918300711314182,-0.8932391772441156,-0.8824692332605167,-3.0
3,1.0,-1.0,-0.6918052496936956,-0.6415046491934111,-0.7027736918388422,-0.6854493212187687,-4.0
4,3.0,-1.0,-0.6471342004731219,-0.6444086550482712,-0.6400007189674753,-0.6505877033037125,-5.0
5,2.0,-1.0,-0.736059441145601,-0.7182223065636482,-0.671656248716032,-0.73293945281223,-6.0
6,2.0,-1.0,-0.6471342004731219,-0.6444086550482712,-0.6338152436230908,-0.6505877033037125,-7.0
7,1.0,1.0,-0.20868663089418396,-0.02359850298192082,-0.2083886789483336,-0.22793914558611145,-6.0
