,ACTION,REWARD,A0,A1,A2,A3,V
0,1.0,-1.0,-1.6701450149560466,-1.6492435262541054,-1.6698004105508644,-1.6685479074000726,-1.0
1,1.0,-1.0,-1.2706683870492057,-1.2339433146193173,-1.26717084126594,-1.2707625249922923,-2.0
2,2.0,-1.0,-0.8754453856915841,-0.8724167286598699,-0.8219940668111975,-0.8606719927887454,-3.0
3,2.0,-1.0,-0.736059441145601,-0.7182223065636482,-0.6647892529773006,-0.73293945281223,-4.0
4,2.0,-1.0,-0.6655713196704515,-0.6671961029520799,-0.6681048263507383,-0.6695194197361984,-5.0
5,0.0,-1.0,-0.22121553536498265,0.055601571398849935,-0.2083886789483336,-0.22793914558611145,-6.0
6,1.0,-1.0,-0.5482247142912359,-0.5072343716288681,-0.5609222492796326,-0.5552752494512366,-7.0
7,1.0,1.0,-0.22121553536498265,0.06504555568486144,-0.2083886789483336,-0.22793914558611145,-6.0
