,ACTION,REWARD,A0,A1,A2,A3,V
0,1.0,-1.0,-1.6701450149560466,-1.6604715638672525,-1.6698004105508644,-1.6685479074000726,-1.0
1,1.0,-1.0,-1.2706683870492057,-1.2540052185727648,-1.26717084126594,-1.2707625249922923,-2.0
2,2.0,-1.0,-0.8754453856915841,-0.8724167286598699,-0.8310926721785645,-0.8606719927887454,-3.0
3,2.0,-1.0,-0.736059441145601,-0.7182223065636482,-0.6683452869131165,-0.73293945281223,-4.0
4,0.0,-1.0,-0.6655713196704515,-0.6584511582322078,-0.6592153230895912,-0.6601188693835232,-5.0
5,1.0,-1.0,-0.6918052496936956,-0.6341992227667491,-0.7027736918388422,-0.6854493212187687,-6.0
6,1.0,-1.0,-0.6655713196704515,-0.6628960015835691,-0.6592153230895912,-0.6601188693835232,-7.0
7,2.0,1.0,-0.2761473105313784,-0.27202851306099557,-0.10322904270516663,-0.2883926950543623,-6.0
