,ACTION,REWARD,A0,A1,A2,A3,V
0,2.0,-1.0,-1.6501040325925675,-1.6514677338531696,-1.6438682874765165,-1.6518975666590443,-1.0
1,1.0,-1.0,-1.227850685526661,-1.2336832602537668,-1.2281326077033639,-1.2371723576472662,-2.0
2,2.0,-1.0,-0.9997893383800629,-1.002631934980705,-0.9997800626619203,-1.0083343402270295,-3.0
3,1.0,-1.0,-0.6918052496936956,-0.6401252057945672,-0.7027736918388422,-0.6854493212187687,-4.0
4,0.0,-1.0,-0.6564239853205418,-0.6444086550482712,-0.6376894777136972,-0.6505877033037125,-5.0
5,1.0,-1.0,-0.6918052496936956,-0.6394631590360448,-0.7027736918388422,-0.6854493212187687,-6.0
6,2.0,-1.0,-0.6564239853205418,-0.6444086550482712,-0.6414328455981292,-0.6505877033037125,-7.0
7,1.0,1.0,-0.20868663089418396,-0.0032288927725805973,-0.2083886789483336,-0.22793914558611145,-6.0
