,ACTION,REWARD,A0,A1,A2,A3,V
0,1.0,-1.0,-1.4738907695096852,-1.4760570501179187,-1.4730099043080132,-1.4752125465072303,-1.0
1,1.0,-1.0,-1.1560957889879322,-1.1480909218067892,-1.1472715358187526,-1.1424688431714085,-2.0
2,2.0,-1.0,-0.8635603349415606,-0.8646870583549855,-0.8486931663957162,-0.8606719927887454,-3.0
3,2.0,-1.0,-0.7244786507569222,-0.7182223065636482,-0.7075154325731017,-0.7226614725724694,-4.0
4,2.0,-1.0,-0.5716761254449912,-0.5750031987959712,-0.5732363754838318,-0.5798027859664688,-5.0
5,1.0,1.0,-0.20605615977710423,0.013406691006544014,-0.19366273046311636,-0.20164350782375762,-4.0
