,ACTION,REWARD,A0,A1,A2,A3,V
0,1.0,-1.0,-1.4738907695096852,-1.4815786992052822,-1.4785116591545642,-1.4752125465072303,-1.0
1,3.0,-1.0,-1.1560957889879322,-1.1480909218067892,-1.1472715358187526,-1.1513263743282371,-2.0
2,2.0,-1.0,-1.1560957889879322,-1.1480909218067892,-1.1542521255540579,-1.1513263743282371,-3.0
3,2.0,-1.0,-0.9449127709343776,-0.9448275185273541,-0.9455625838640475,-0.951170122729852,-4.0
4,1.0,-1.0,-0.6814535209709756,-0.6320676225713427,-0.6893523206452308,-0.6854493212187687,-5.0
5,1.0,-1.0,-0.5816690525071311,-0.580540361192629,-0.5773833515099346,-0.5798027859664688,-6.0
6,2.0,1.0,-0.2761473105313784,-0.27202851306099557,-0.13159138230793022,-0.2764005958749637,-5.0
