,ACTION,REWARD,A0,A1,A2,A3,V
0,2.0,-1.0,-1.5542213361953001,-1.553282960586136,-1.547825258472605,-1.5538682092370235,-1.0
1,2.0,-1.0,-1.17627623481377,-1.1788354972957504,-1.1796325680924449,-1.1857904245686992,-2.0
2,1.0,-1.0,-0.8703084946710392,-0.8228372658905778,-0.8856025295331201,-0.8824692332605167,-3.0
3,2.0,-1.0,-0.6814535209709756,-0.6336598031316955,-0.7027736918388422,-0.6854493212187687,-4.0
4,1.0,-1.0,-0.5482247142912359,-0.5212258572056403,-0.5609222492796326,-0.5552752494512366,-5.0
5,1.0,1.0,-0.20605615977710423,-0.07671307924552079,-0.19366273046311636,-0.20164350782375762,-4.0
