,ACTION,REWARD,A0,A1,A2,A3,V
0,1.0,-1.0,-1.6000597647697885,-1.601427022860963,-1.5982125244837802,-1.5996956507363782,-1.0
1,1.0,-1.0,-1.2399105702359134,-1.234549402930776,-1.2350269815450925,-1.2370151530198188,-2.0
2,2.0,-1.0,-0.8754453856915841,-0.8646870583549855,-0.8230660148169919,-0.8606719927887454,-3.0
3,2.0,-1.0,-0.736059441145601,-0.7182223065636482,-0.6876192515794296,-0.73293945281223,-4.0
4,2.0,-1.0,-0.6187667605098878,-0.6188157504558844,-0.5737556275672164,-0.6311642906664459,-5.0
5,1.0,1.0,-0.20868663089418396,-0.15573146591488546,-0.20008188992302833,-0.21459399298323917,-4.0
