,ACTION,REWARD,A0,A1,A2,A3,V
0,1.0,-1.0,-1.5035245242446655,-1.5087055436319778,-1.5055265631799446,-1.5076622715013677,-1.0
1,0.0,-1.0,-1.168066551816255,-1.1565202027718122,-1.1612138192369268,-1.1689615666043562,-2.0
2,0.0,-1.0,-1.5120209997204208,-1.5087055436319778,-1.5055265631799446,-1.5076622715013677,-3.0
3,2.0,-1.0,-1.5120209997204208,-1.5087055436319778,-1.5108561377810388,-1.5076622715013677,-4.0
4,2.0,-1.0,-1.1597720628458914,-1.158008453667426,-1.1597132017942884,-1.1614243507920419,-5.0
5,1.0,-1.0,-0.8703084946710392,-0.8175282586190518,-0.8779034046877734,-0.8824692332605167,-6.0
6,1.0,-1.0,-0.6814535209709756,-0.6259926338261055,-0.6893523206452308,-0.6854493212187687,-7.0
7,1.0,-1.0,-0.6012673156749377,-0.5914125051254303,-0.5930396838008958,-0.6007044113606556,-8.0
8,2.0,1.0,-0.2761473105313784,-0.27202851306099557,-0.12680216679538237,-0.2764005958749637,-7.0
