,ACTION,REWARD,A0,A1,A2,A3,V
0,2.0,-1.0,-1.5457671032985987,-1.5368903606365596,-1.537500435671036,-1.5331138161660158,-1.0
1,2.0,-1.0,-1.1686122907830454,-1.1649593213722016,-1.1683594268125879,-1.1735942342206214,-2.0
2,1.0,-1.0,-0.8703084946710392,-0.8177226797414949,-0.8856025295331201,-0.8824692332605167,-3.0
3,1.0,-1.0,-0.6814535209709756,-0.6379718572113783,-0.6972854303401826,-0.6854493212187687,-4.0
4,1.0,-1.0,-0.6102352769806738,-0.6133481174687307,-0.6117034505849867,-0.6109835671749597,-5.0
5,2.0,1.0,-0.2761473105313784,-0.27202851306099557,-0.1779015735378871,-0.2883926950543623,-4.0
