,ACTION,REWARD,A0,A1,A2,A3,V
0,2.0,-1.0,-1.5205089787207005,-1.5208439600796002,-1.5219860205805693,-1.5246384546206364,-1.0
1,0.0,-1.0,-1.1686122907830454,-1.1649593213722016,-1.1612538933224095,-1.1614243507920419,-2.0
2,2.0,-1.0,-1.1686122907830454,-1.1649593213722016,-1.156953305413422,-1.1614243507920419,-3.0
3,2.0,-1.0,-0.8703084946710392,-0.8124390026929472,-0.8856025295331201,-0.8824692332605167,-4.0
4,0.0,-1.0,-0.7290756370369198,-0.7237695454896838,-0.7237548380386357,-0.7272872647893822,-5.0
5,2.0,-1.0,-0.7290756370369198,-0.7237695454896838,-0.7330310832005971,-0.7272872647893822,-6.0
6,1.0,-1.0,-0.7290756370369198,-0.721408111814076,-0.7330310832005971,-0.7272872647893822,-7.0
7,1.0,-1.0,-0.5482247142912359,-0.5362925446004655,-0.5609222492796326,-0.5552752494512366,-8.0
8,1.0,1.0,-0.20605615977710423,0.0005876233478592629,-0.19366273046311636,-0.20164350782375762,-7.0
