,ACTION,REWARD,A0,A1,A2,A3,V
0,0.0,-1.0,-1.4738907695096852,-1.4648571360220113,-1.4532009960812395,-1.4666792257329633,-1.0
1,2.0,-1.0,-1.4738907695096852,-1.4648571360220113,-1.4587598190716664,-1.4666792257329633,-2.0
2,2.0,-1.0,-1.124322571703441,-1.1225726929504731,-1.1174395228338125,-1.1237315858728285,-3.0
3,1.0,-1.0,-0.8703084946710392,-0.8250646757232264,-0.8779034046877734,-0.8824692332605167,-4.0
4,1.0,-1.0,-0.6814535209709756,-0.6426391637549153,-0.6893523206452308,-0.6854493212187687,-5.0
5,2.0,-1.0,-0.5716761254449912,-0.5750031987959712,-0.5606735652910231,-0.5798027859664688,-6.0
6,1.0,1.0,-0.20605615977710423,-0.058502294081538245,-0.19366273046311636,-0.20164350782375762,-5.0
