,ACTION,REWARD,A0,A1,A2,A3,V
0,0.0,-1.0,-1.562667114859105,-1.5585670096542235,-1.558291661084076,-1.560707694516436,-1.0
1,2.0,-1.0,-1.562667114859105,-1.5585670096542235,-1.5633803439531682,-1.560707694516436,-2.0
2,1.0,-1.0,-1.192730943761757,-1.192537871604894,-1.1907720859468987,-1.1978647079747584,-3.0
3,2.0,-1.0,-0.9667656287151575,-0.9717572588359612,-0.9685772816337055,-0.9733996367004025,-4.0
4,1.0,-1.0,-0.6814535209709756,-0.6393685679459409,-0.7027736918388422,-0.6854493212187687,-5.0
5,2.0,-1.0,-0.6187667605098878,-0.6188157504558844,-0.5737017011831961,-0.6211186686169551,-6.0
6,1.0,1.0,-0.20605615977710423,-0.12196332515968046,-0.19366273046311636,-0.20164350782375762,-5.0
