,ACTION,REWARD,A0,A1,A2,A3,V
0,1.0,-1.0,-1.6250640039905526,-1.6218176507585942,-1.621491885461208,-1.6216632134102538,-1.0
1,3.0,-1.0,-1.256154838974668,-1.2497071149630894,-1.247988559946398,-1.2545323597289322,-2.0
2,2.0,-1.0,-1.256154838974668,-1.2497071149630894,-1.2544080410717064,-1.2545323597289322,-3.0
3,0.0,-1.0,-0.9997893383800629,-0.9902665016867739,-0.9923766181974512,-0.9970592123882582,-4.0
4,1.0,-1.0,-1.2191212780519984,-1.213402250575854,-1.2131800657620377,-1.2245988712010203,-5.0
5,1.0,-1.0,-0.9997893383800629,-0.9964856607960026,-0.9923766181974512,-0.9970592123882582,-6.0
6,2.0,-1.0,-0.736059441145601,-0.7182223065636482,-0.6790145325180436,-0.73293945281223,-7.0
7,2.0,-1.0,-0.6283075317722672,-0.6242126959715482,-0.6280286768656105,-0.6311642906664459,-8.0
8,1.0,1.0,-0.20868663089418396,-0.04522282129707152,-0.20008188992302833,-0.22793914558611145,-7.0
