,ACTION,REWARD,A0,A1,A2,A3,V
0,1.0,-1.0,-1.633438939986562,-1.6367982678356725,-1.6355098237774768,-1.6351762840508621,-1.0
1,3.0,-1.0,-1.256154838974668,-1.2546502401306245,-1.2607953502247664,-1.2532778273692033,-2.0
2,3.0,-1.0,-1.256154838974668,-1.2546502401306245,-1.2607953502247664,-1.262024549541834,-3.0
3,1.0,-1.0,-1.256154838974668,-1.2495244402948658,-1.2607953502247664,-1.262024549541834,-4.0
4,2.0,-1.0,-0.8754453856915841,-0.8724167286598699,-0.8223584666165663,-0.8606719927887454,-5.0
5,2.0,-1.0,-0.736059441145601,-0.7182223065636482,-0.6746410527370243,-0.73293945281223,-6.0
6,1.0,-1.0,-0.6377259030583722,-0.6394551993147539,-0.636053647518121,-0.6409435364661438,-7.0
7,2.0,1.0,-0.2761473105313784,-0.27202851306099557,-0.14977863629608376,-0.2883926950543623,-6.0
