,ACTION,REWARD,A0,A1,A2,A3,V
0,2.0,-1.0,-1.6634702920698943,-1.6610499595296353,-1.6560772220679059,-1.6602456690923852,-1.0
1,2.0,-1.0,-1.244150825794287,-1.246939107778455,-1.2418861963448025,-1.249671491079067,-2.0
2,1.0,-1.0,-0.8703084946710392,-0.7811610430059245,-0.8932391772441156,-0.8824692332605167,-3.0
3,1.0,-1.0,-0.6918052496936956,-0.6360644955529339,-0.7027736918388422,-0.6854493212187687,-4.0
4,2.0,-1.0,-0.6564239853205418,-0.6538590875586189,-0.6492492980709965,-0.6601188693835232,-5.0
5,1.0,1.0,-0.20868663089418396,0.006931325201081829,-0.2083886789483336,-0.22793914558611145,-4.0
