,ACTION,REWARD,A0,A1,A2,A3,V
0,3.0,-1.0,-1.562667114859105,-1.563805511907472,-1.5633803439531682,-1.5691469868219194,-1.0
1,0.0,-1.0,-1.5711044477442457,-1.563805511907472,-1.5633803439531682,-1.5691469868219194,-2.0
2,2.0,-1.0,-1.5711044477442457,-1.563805511907472,-1.5684634892871585,-1.5691469868219194,-3.0
3,2.0,-1.0,-1.192730943761757,-1.192537871604894,-1.1962244261097286,-1.1978647079747584,-4.0
4,1.0,-1.0,-0.8703084946710392,-0.8153610295643947,-0.8856025295331201,-0.8824692332605167,-5.0
5,1.0,-1.0,-0.6814535209709756,-0.6380964434533617,-0.7027736918388422,-0.6854493212187687,-6.0
6,2.0,-1.0,-0.6187667605098878,-0.6188157504558844,-0.564548423783996,-0.6211186686169551,-7.0
7,1.0,1.0,-0.20605615977710423,-0.13943625498900283,-0.19199320528051023,-0.20164350782375762,-6.0
