,ACTION,REWARD,A0,A1,A2,A3,V
0,0.0,-1.0,-1.5457671032985987,-1.5315696596111121,-1.5271787401234844,-1.5331138161660158,-1.0
1,2.0,-1.0,-1.5457671032985987,-1.5315696596111121,-1.532359771879378,-1.5331138161660158,-2.0
2,3.0,-1.0,-1.1686122907830454,-1.1649593213722016,-1.1626957233835242,-1.1735942342206214,-3.0
3,1.0,-1.0,-1.5457671032985987,-1.5368903606365596,-1.532359771879378,-1.5331138161660158,-4.0
4,2.0,-1.0,-1.1919288391885747,-1.185848945197758,-1.1885904684851778,-1.1854481876202814,-5.0
5,2.0,-1.0,-0.9558084786604487,-0.9584786648486877,-0.960290319332355,-0.9622480448144479,-6.0
6,2.0,-1.0,-0.6814535209709756,-0.638889646957981,-0.6972854303401826,-0.6854493212187687,-7.0
7,1.0,-1.0,-0.5482247142912359,-0.5310143834304314,-0.5609222492796326,-0.5552752494512366,-8.0
8,1.0,1.0,-0.20605615977710423,-0.01932407035676314,-0.19366273046311636,-0.20164350782375762,-7.0
