,ACTION,REWARD,A0,A1,A2,A3,V
0,1.0,-1.0,-1.6860880792325605,-1.658714467724216,-1.6698004105508644,-1.6735472676530465,-1.0
1,1.0,-1.0,-1.2828987675035664,-1.2845809735976461,-1.2859278548151643,-1.283789551728204,-2.0
2,2.0,-1.0,-0.8754453856915841,-0.8724167286598699,-0.7762500070600693,-0.8691639302507229,-3.0
3,2.0,-1.0,-0.736059441145601,-0.7257609992830453,-0.667172158659213,-0.73293945281223,-4.0
4,2.0,-1.0,-0.683581923443052,-0.6713539126930621,-0.5526126185370875,-0.6695194197361984,-5.0
5,1.0,1.0,-0.24575204245448623,-0.16321698793452669,-0.2068933933687645,-0.22793914558611145,-4.0
