,ACTION,REWARD,A0,A1,A2,A3,V
0,1.0,-1.0,-1.6782382740338944,-1.6119096760925873,-1.6698004105508644,-1.6685479074000726,-1.0
1,2.0,-1.0,-1.2706683870492057,-1.2095271011999458,-1.2797747863596936,-1.2707625249922923,-2.0
2,1.0,-1.0,-1.0108836309502804,-0.9945351465630805,-1.0055265362157897,-1.0083343402270295,-3.0
3,2.0,-1.0,-0.736059441145601,-0.7182223065636482,-0.659516044475394,-0.73293945281223,-4.0
4,2.0,-1.0,-0.6746233994786477,-0.6713539126930621,-0.6269815200554103,-0.6695194197361984,-5.0
5,1.0,1.0,-0.22121553536498265,0.0027192488850544105,-0.2083886789483336,-0.22793914558611145,-4.0
