,ACTION,REWARD,A0,A1,A2,A3,V
0,1.0,-1.0,-1.7025948347252633,-1.4942721048926746,-1.7038088747335072,-1.7100449071602515,-1.0
1,1.0,-1.0,-1.330952805299453,-1.094715074003559,-1.3223115630875009,-1.3172593865264688,-2.0
2,2.0,-1.0,-0.8880947476806783,-0.8800891987980246,-0.7345306211302366,-0.8771685005417285,-3.0
3,2.0,-1.0,-0.736059441145601,-0.7331449975011053,-0.6546547645934043,-0.7521338239441772,-4.0
4,1.0,-1.0,-0.70118887288587,-0.5521849653184483,-0.6790808092204613,-0.6787980532241057,-5.0
5,3.0,-1.0,-0.3136280528231403,-0.30371110434607584,-0.30227363418147685,-0.311756657536813,-6.0
6,2.0,-1.0,-0.5533215532693929,-0.5411323547547363,-0.5095768110852276,-0.5411240389929167,-7.0
7,2.0,1.0,-0.3136280528231403,-0.30371110434607584,-0.28925089783966207,-0.311756657536813,-6.0
