,ACTION,REWARD,A0,A1,A2,A3,V
0,2.0,-1.0,-1.7025948347252633,-1.48918181950978,-1.7081817291224568,-1.7100449071602515,-1.0
1,0.0,-1.0,-1.2766146881275964,-1.269445553063782,-1.271729092851511,-1.274706757096997,-2.0
2,1.0,-1.0,-1.2766146881275964,-1.2759316022279614,-1.271729092851511,-1.274706757096997,-3.0
3,1.0,-1.0,-1.0219854381456628,-1.015733217364603,-1.0222983886793675,-1.0314304911065757,-4.0
4,2.0,-1.0,-0.736059441145601,-0.7331449975011053,-0.6615805001826953,-0.7521338239441772,-5.0
5,1.0,-1.0,-0.70118887288587,-0.566160935508114,-0.6790808092204613,-0.6787980532241057,-6.0
6,2.0,1.0,-0.3136280528231403,-0.30371110434607584,-0.2635948049726528,-0.311756657536813,-5.0
