,ACTION,REWARD,A0,A1,A2,A3,V
0,0.0,-1.0,-1.6860880792325605,-1.6257986598894507,-1.6698004105508644,-1.6685479074000726,-1.0
1,1.0,-1.0,-1.6860880792325605,-1.6306562725168703,-1.6698004105508644,-1.6685479074000726,-2.0
2,1.0,-1.0,-1.2706683870492057,-1.239883543471424,-1.2797747863596936,-1.2788974733510794,-3.0
3,2.0,-1.0,-0.8754453856915841,-0.8724167286598699,-0.7944069252732998,-0.8606719927887454,-4.0
4,2.0,-1.0,-0.736059441145601,-0.7257609992830453,-0.6719556423233934,-0.73293945281223,-5.0
5,2.0,-1.0,-0.6746233994786477,-0.6713539126930621,-0.605464299104812,-0.6695194197361984,-6.0
6,1.0,1.0,-0.24575204245448623,-0.06540013443491606,-0.2083886789483336,-0.22793914558611145,-5.0
