,ACTION,REWARD,A0,A1,A2,A3,V
0,1.0,-1.0,-1.6782382740338944,-1.6014521336187466,-1.6698004105508644,-1.6685479074000726,-1.0
1,3.0,-1.0,-1.2706683870492057,-1.2047304009677955,-1.2797747863596936,-1.2788974733510794,-2.0
2,1.0,-1.0,-1.2706683870492057,-1.2099621028297707,-1.2797747863596936,-1.2788974733510794,-3.0
3,2.0,-1.0,-0.8754453856915841,-0.8724167286598699,-0.8066262902821185,-0.8606719927887454,-4.0
4,2.0,-1.0,-0.736059441145601,-0.7257609992830453,-0.6585637177111388,-0.73293945281223,-5.0
5,2.0,-1.0,-0.6746233994786477,-0.6713539126930621,-0.6206872316148907,-0.6695194197361984,-6.0
6,0.0,-1.0,-0.23356848935599264,0.0027192488850544105,-0.2083886789483336,-0.22793914558611145,-7.0
7,1.0,-1.0,-0.5482247142912359,-0.5021375546726139,-0.5609222492796326,-0.5552752494512366,-8.0
8,1.0,1.0,-0.23356848935599264,-0.007307943603796135,-0.2083886789483336,-0.22793914558611145,-7.0
