,ACTION,REWARD,A0,A1,A2,A3,V
0,1.0,-1.0,-1.6782382740338944,-1.616069998116293,-1.6698004105508644,-1.6685479074000726,-1.0
1,1.0,-1.0,-1.2706683870492057,-1.2252312211000338,-1.2797747863596936,-1.2788974733510794,-2.0
2,2.0,-1.0,-0.8754453856915841,-0.8724167286598699,-0.8004243909819243,-0.8606719927887454,-3.0
3,2.0,-1.0,-0.736059441145601,-0.7257609992830453,-0.6654105448074484,-0.73293945281223,-4.0
4,2.0,-1.0,-0.6746233994786477,-0.6713539126930621,-0.6125147880679009,-0.6695194197361984,-5.0
5,0.0,-1.0,-0.24575204245448623,-0.02706251552608059,-0.2083886789483336,-0.22793914558611145,-6.0
6,1.0,-1.0,-0.5482247142912359,-0.4973597417656225,-0.5609222492796326,-0.5552752494512366,-7.0
7,1.0,1.0,-0.24575204245448623,-0.036791890370819785,-0.2083886789483336,-0.22793914558611145,-6.0
