,ACTION,REWARD,A0,A1,A2,A3,V
0,1.0,-1.0,-1.6782382740338944,-1.606676323242461,-1.6698004105508644,-1.6685479074000726,-1.0
1,1.0,-1.0,-1.2706683870492057,-1.2047304009677955,-1.2797747863596936,-1.2707625249922923,-2.0
2,2.0,-1.0,-0.8754453856915841,-0.8724167286598699,-0.8087784301836768,-0.8606719927887454,-3.0
3,1.0,-1.0,-0.736059441145601,-0.7257609992830453,-0.659516044475394,-0.73293945281223,-4.0
4,2.0,-1.0,-0.542849813349631,-0.5411323547547363,-0.5201222094164931,-0.5411240389929167,-5.0
5,2.0,1.0,-0.2761473105313784,-0.27202851306099557,-0.09036203690778048,-0.2883926950543623,-4.0
