,ACTION,REWARD,A0,A1,A2,A3,V
0,1.0,-1.0,-1.6860880792325605,-1.6734782266558461,-1.6698004105508644,-1.6735472676530465,-1.0
1,2.0,-1.0,-1.2950428405361212,-1.2887214139252103,-1.2920193925860803,-1.2912232564142994,-2.0
2,1.0,-1.0,-1.0219854381456628,-1.0005790606532048,-1.0055265362157897,-1.0083343402270295,-3.0
3,2.0,-1.0,-0.736059441145601,-0.7257609992830453,-0.6737562101402482,-0.73293945281223,-4.0
4,2.0,-1.0,-0.683581923443052,-0.6713539126930621,-0.5446141541531927,-0.6695194197361984,-5.0
5,1.0,1.0,-0.24575204245448623,-0.1798689698746296,-0.2068933933687645,-0.22793914558611145,-4.0
