,ACTION,REWARD,A0,A1,A2,A3,V
0,1.0,-1.0,-1.6860880792325605,-1.659673813872517,-1.6698004105508644,-1.6685479074000726,-1.0
1,0.0,-1.0,-1.2828987675035664,-1.2629989949772504,-1.2797747863596936,-1.2788974733510794,-2.0
2,1.0,-1.0,-1.6860880792325605,-1.664444066688587,-1.6698004105508644,-1.6685479074000726,-3.0
3,1.0,-1.0,-1.2828987675035664,-1.267434778584521,-1.2797747863596936,-1.2788974733510794,-4.0
4,2.0,-1.0,-0.8754453856915841,-0.8724167286598699,-0.7833114845294636,-0.8691639302507229,-5.0
5,2.0,-1.0,-0.736059441145601,-0.7257609992830453,-0.6736187553068174,-0.73293945281223,-6.0
6,2.0,-1.0,-0.683581923443052,-0.6713539126930621,-0.5747055449865954,-0.6695194197361984,-7.0
7,1.0,1.0,-0.24575204245448623,-0.12009277893763026,-0.2068933933687645,-0.22793914558611145,-6.0
