,ACTION,REWARD,A0,A1,A2,A3,V
0,3.0,-1.0,-1.6860880792325605,-1.6692065390289617,-1.6698004105508644,-1.6668793594926725,-1.0
1,3.0,-1.0,-1.6860880792325605,-1.6692065390289617,-1.6698004105508644,-1.6652124801331798,-2.0
2,3.0,-1.0,-1.6860880792325605,-1.6692065390289617,-1.6698004105508644,-1.6735472676530465,-3.0
3,1.0,-1.0,-1.6860880792325605,-1.663960765746107,-1.6698004105508644,-1.6735472676530465,-4.0
4,1.0,-1.0,-1.2828987675035664,-1.276126000264184,-1.2797747863596936,-1.2788974733510794,-5.0
5,2.0,-1.0,-0.8754453856915841,-0.8724167286598699,-0.7797740233560387,-0.8691639302507229,-6.0
6,2.0,-1.0,-0.736059441145601,-0.7257609992830453,-0.6704647224029668,-0.73293945281223,-7.0
7,2.0,-1.0,-0.683581923443052,-0.6713539126930621,-0.5654989579620308,-0.6695194197361984,-8.0
8,1.0,1.0,-0.24575204245448623,-0.13760293263677142,-0.2068933933687645,-0.22793914558611145,-7.0
