,ACTION,REWARD,A0,A1,A2,A3,V
0,1.0,-1.0,-1.7025948347252633,-1.5547226489291774,-1.7038088747335072,-1.703451163710341,-1.0
1,1.0,-1.0,-1.330952805299453,-1.1716878964861603,-1.316346302615299,-1.3172593865264688,-2.0
2,2.0,-1.0,-0.8880947476806783,-0.8800891987980246,-0.7660897571663162,-0.8691639302507229,-3.0
3,1.0,-1.0,-0.736059441145601,-0.7331449975011053,-0.6580013691185965,-0.7521338239441772,-4.0
4,2.0,-1.0,-0.5533215532693929,-0.5411323547547363,-0.5119761094723174,-0.5411240389929167,-5.0
5,2.0,1.0,-0.2890695461084217,-0.270501231709535,-0.16391269018005966,-0.3001503763147092,-4.0
