,ACTION,REWARD,A0,A1,A2,A3,V
0,3.0,-1.0,-1.7025948347252633,-1.514250565223758,-1.7038088747335072,-1.7100449071602515,-1.0
1,1.0,-1.0,-1.7025948347252633,-1.509191605900257,-1.7038088747335072,-1.7100449071602515,-2.0
2,1.0,-1.0,-1.330952805299453,-1.1259162029959593,-1.3223115630875009,-1.3172593865264688,-3.0
3,2.0,-1.0,-0.8880947476806783,-0.8800891987980246,-0.7456814402126434,-0.8691639302507229,-4.0
4,2.0,-1.0,-0.736059441145601,-0.7331449975011053,-0.6442958175074918,-0.7521338239441772,-5.0
5,1.0,-1.0,-0.70118887288587,-0.577573416893171,-0.6790808092204613,-0.6787980532241057,-6.0
6,2.0,1.0,-0.3014756589749431,-0.2687162643737596,-0.25890485714176853,-0.3001503763147092,-5.0
