,ACTION,REWARD,A0,A1,A2,A3,V
0,1.0,-1.0,-1.7025948347252633,-1.4943866628551634,-1.7038088747335072,-1.7100449071602515,-1.0
1,1.0,-1.0,-1.330952805299453,-1.1034790484128414,-1.3223115630875009,-1.3172593865264688,-2.0
2,2.0,-1.0,-0.8880947476806783,-0.8800891987980246,-0.7375306865692186,-0.8771685005417285,-3.0
3,2.0,-1.0,-0.736059441145601,-0.7331449975011053,-0.6476767835747447,-0.7521338239441772,-4.0
4,1.0,-1.0,-0.70118887288587,-0.5579622276972438,-0.6790808092204613,-0.6787980532241057,-5.0
5,1.0,-1.0,-0.3136280528231403,-0.2851640457948068,-0.2881069627400029,-0.3001503763147092,-6.0
6,1.0,-1.0,-0.3136280528231403,-0.284878881749012,-0.2881069627400029,-0.3001503763147092,-7.0
7,1.0,-1.0,-0.3136280528231403,-0.294594002867263,-0.2881069627400029,-0.3001503763147092,-8.0
8,2.0,1.0,-0.3136280528231403,-0.294594002867263,-0.2952258931126029,-0.3001503763147092,-7.0
