,ACTION,REWARD,A0,A1,A2,A3,V
0,1.0,-1.0,-1.6942891238491125,-1.6975816778740527,-1.694978620015103,-1.6951463100203614,-1.0
1,1.0,-1.0,-1.3072018700100183,-1.3085844208747621,-1.3102819224730666,-1.3085679544809496,-2.0
2,2.0,-1.0,-0.8754453856915841,-0.8724167286598699,-0.7762092799216318,-0.8691639302507229,-3.0
3,2.0,-1.0,-0.736059441145601,-0.7257609992830453,-0.6683559222681219,-0.73293945281223,-4.0
4,2.0,-1.0,-0.683581923443052,-0.6713539126930621,-0.5569925229415386,-0.6695194197361984,-5.0
5,1.0,1.0,-0.25777075970583196,-0.2096799495636657,-0.24313546910486222,-0.24033906131407345,-4.0
