,ACTION,REWARD,A0,A1,A2,A3,V
0,2.0,-1.0,-1.6942891238491125,-1.6830555392658002,-1.6860015959814099,-1.6818737203853935,-1.0
1,1.0,-1.0,-1.2604021145252307,-1.266474772589254,-1.2632501096626647,-1.274706757096997,-2.0
2,3.0,-1.0,-1.0219854381456628,-1.012656954593101,-1.0111552222261102,-1.0199224837491374,-3.0
3,1.0,-1.0,-1.3072018700100183,-1.300803577214403,-1.2981044102060983,-1.3085679544809496,-4.0
4,2.0,-1.0,-0.8754453856915841,-0.8724167286598699,-0.769486243966865,-0.8691639302507229,-5.0
5,2.0,-1.0,-0.736059441145601,-0.7257609992830453,-0.6739503634095529,-0.73293945281223,-6.0
6,2.0,-1.0,-0.683581923443052,-0.6713539126930621,-0.5237611750991151,-0.6695194197361984,-7.0
7,1.0,1.0,-0.25777075970583196,-0.2308961587839487,-0.24313546910486222,-0.24033906131407345,-6.0
