,ACTION,REWARD,A0,A1,A2,A3,V
0,1.0,-1.0,-1.7025948347252633,-1.544556140695723,-1.7038088747335072,-1.703451163710341,-1.0
1,2.0,-1.0,-1.330952805299453,-1.1573191461602859,-1.3223115630875009,-1.3172593865264688,-2.0
2,1.0,-1.0,-1.0219854381456628,-1.020056077201904,-1.0222983886793675,-1.0314304911065757,-3.0
3,2.0,-1.0,-0.736059441145601,-0.7331449975011053,-0.6542126444899701,-0.7521338239441772,-4.0
4,1.0,-1.0,-0.6924324400245345,-0.6174580186256372,-0.6790808092204613,-0.6787980532241057,-5.0
5,2.0,1.0,-0.2890695461084217,-0.270501231709535,-0.18874531936902172,-0.3001503763147092,-4.0
