,ACTION,REWARD,A0,A1,A2,A3,V
0,1.0,-1.0,-1.7025948347252633,-1.5958923914688878,-1.7038088747335072,-1.703451163710341,-1.0
1,1.0,-1.0,-1.330952805299453,-1.201242000438132,-1.316346302615299,-1.3172593865264688,-2.0
2,2.0,-1.0,-0.8880947476806783,-0.8800891987980246,-0.7758991814566542,-0.8691639302507229,-3.0
3,2.0,-1.0,-0.736059441145601,-0.7257609992830453,-0.6545281367713702,-0.7426175140122551,-4.0
4,1.0,-1.0,-0.6924324400245345,-0.6641339301164177,-0.6742254840736895,-0.6787980532241057,-5.0
5,2.0,1.0,-0.2761473105313784,-0.27202851306099557,-0.1173791940495825,-0.3001503763147092,-4.0
