,ACTION,REWARD,A0,A1,A2,A3,V
0,0.0,-1.0,-1.6782382740338944,-1.6438565808231382,-1.6698004105508644,-1.6685479074000726,-1.0
1,1.0,-1.0,-1.6782382740338944,-1.6384790314675768,-1.6698004105508644,-1.6685479074000726,-2.0
2,1.0,-1.0,-1.2706683870492057,-1.2240896248584594,-1.26717084126594,-1.2707625249922923,-3.0
3,2.0,-1.0,-0.8754453856915841,-0.8724167286598699,-0.8175368406466034,-0.8606719927887454,-4.0
4,2.0,-1.0,-0.736059441145601,-0.7182223065636482,-0.6635031307384727,-0.73293945281223,-5.0
5,2.0,-1.0,-0.6746233994786477,-0.6713539126930621,-0.6608383680860672,-0.6695194197361984,-6.0
6,1.0,1.0,-0.22121553536498265,0.054395100128012824,-0.2083886789483336,-0.22793914558611145,-5.0
