,ACTION,REWARD,A0,A1,A2,A3,V
0,1.0,-1.0,-1.7025948347252633,-1.499282919876887,-1.7038088747335072,-1.7100449071602515,-1.0
1,1.0,-1.0,-1.330952805299453,-1.1168507017821472,-1.3223115630875009,-1.3172593865264688,-2.0
2,3.0,-1.0,-0.8880947476806783,-0.8800891987980246,-0.7440232881680844,-0.8771685005417285,-3.0
3,2.0,-1.0,-0.8880947476806783,-0.8800891987980246,-0.7423705144671636,-0.8771685005417285,-4.0
4,2.0,-1.0,-0.736059441145601,-0.7331449975011053,-0.6417569601106065,-0.7521338239441772,-5.0
5,1.0,-1.0,-0.70118887288587,-0.5674063672466552,-0.6790808092204613,-0.6787980532241057,-6.0
6,2.0,1.0,-0.3136280528231403,-0.2687162643737596,-0.2736526504846474,-0.3001503763147092,-5.0
