,ACTION,REWARD,A0,A1,A2,A3,V
0,2.0,-1.0,-1.6860880792325605,-1.6734782266558461,-1.6743248584153618,-1.6735472676530465,-1.0
1,1.0,-1.0,-1.2529066749684927,-1.2534749282465494,-1.2501269491050273,-1.249671491079067,-2.0
2,2.0,-1.0,-1.0219854381456628,-1.0005790606532048,-1.0111552222261102,-1.0083343402270295,-3.0
3,1.0,-1.0,-0.7018617360155617,-0.630136178359995,-0.7027736918388422,-0.6854493212187687,-4.0
4,2.0,-1.0,-0.683581923443052,-0.6713539126930621,-0.5407868333405325,-0.6695194197361984,-5.0
5,1.0,1.0,-0.24575204245448623,-0.18807028017588331,-0.2068933933687645,-0.22793914558611145,-4.0
