,ACTION,REWARD,A0,A1,A2,A3,V
0,1.0,-1.0,-1.6922970472907541,-1.6076845658528842,-1.7212068403667107,-1.7392848577112399,-1.0
1,1.0,-1.0,-1.340219195387265,-1.2624283073346922,-1.3282826810208967,-1.3298296053206313,-2.0
2,1.0,-1.0,-0.9103720469608946,-0.9098429167827753,-0.7455856491524808,-0.9073914538333656,-3.0
3,2.0,-1.0,-0.7190360032022267,-0.7177960386161973,-0.7005733437904177,-0.7272287145846877,-4.0
4,2.0,-1.0,-0.5533215532693929,-0.5411323547547363,-0.4855441706396753,-0.5411240389929167,-5.0
5,2.0,1.0,-0.3624766593782583,-0.3486844810043828,-0.35297645696095326,-0.3575718046886196,-4.0
