,ACTION,REWARD,A0,A1,A2,A3,V
0,1.0,-1.0,-1.6922970472907541,-1.6290628838991743,-1.7212068403667107,-1.7392848577112399,-1.0
1,1.0,-1.0,-1.340219195387265,-1.2767698761551831,-1.3282826810208967,-1.3298296053206313,-2.0
2,2.0,-1.0,-0.9103720469608946,-0.9098429167827753,-0.7702647392218864,-0.9073914538333656,-3.0
3,1.0,-1.0,-0.7711735475128038,-0.7489677073486151,-0.7433621191410339,-0.761112043296133,-4.0
4,2.0,-1.0,-0.5533215532693929,-0.5411323547547363,-0.518972469090517,-0.5411240389929167,-5.0
5,2.0,1.0,-0.390355334689558,-0.38723187378286206,-0.3709401780336339,-0.3898571918269561,-4.0
