,ACTION,REWARD,A0,A1,A2,A3,V
0,0.0,-1.0,-1.6950240312061224,-1.5103213222318417,-1.7168923797441,-1.7323306650494952,-1.0
1,1.0,-1.0,-1.6950240312061224,-1.5157574014937683,-1.7168923797441,-1.7323306650494952,-2.0
2,1.0,-1.0,-1.340219195387265,-1.1757341669674202,-1.3282826810208967,-1.3298296053206313,-3.0
3,2.0,-1.0,-0.8987359923109159,-0.887663107759513,-0.7113968568900692,-0.8999887698195504,-4.0
4,2.0,-1.0,-0.7595599101768331,-0.7331449975011053,-0.6751698550368146,-0.7521338239441772,-5.0
5,1.0,-1.0,-0.7505123635375022,-0.7324556580994708,-0.7503798341793122,-0.7486189911505932,-6.0
6,2.0,1.0,-0.32424670566904606,-0.3226546536636726,-0.2437113394512269,-0.3232252822612119,-5.0
