,ACTION,REWARD,A0,A1,A2,A3,V
0,1.0,-1.0,-1.6922970472907541,-1.6754443653755273,-1.7212068403667107,-1.7392848577112399,-1.0
1,1.0,-1.0,-1.340219195387265,-1.3149321899270205,-1.3342204040737877,-1.3298296053206313,-2.0
2,2.0,-1.0,-0.9228727546414972,-0.9098429167827753,-0.8291156114238075,-0.9073914538333656,-3.0
3,1.0,-1.0,-0.7711735475128038,-0.7624154527610566,-0.7704182406743983,-0.7708971054446924,-4.0
4,3.0,-1.0,-0.5533215532693929,-0.5411323547547363,-0.5466383688496975,-0.5520179586971014,-5.0
5,2.0,-1.0,-0.7190360032022267,-0.7177960386161973,-0.7084378015453061,-0.7272287145846877,-6.0
6,1.0,-1.0,-0.5533215532693929,-0.5505912223999816,-0.5466383688496975,-0.5520179586971014,-7.0
7,2.0,-1.0,-0.5533215532693929,-0.5505912223999816,-0.5542525328922767,-0.5520179586971014,-8.0
8,2.0,1.0,-0.390355334689558,-0.38723187378286206,-0.3388602504183769,-0.4007377950987094,-7.0
