,ACTION,REWARD,A0,A1,A2,A3,V
0,1.0,-1.0,-1.7253920768221227,-1.7107445494450495,-1.7255745195100978,-1.7392848577112399,-1.0
1,2.0,-1.0,-1.3421687720040725,-1.3454784175548258,-1.3477781269135822,-1.3470495317076683,-2.0
2,0.0,-1.0,-1.0395924798592817,-1.0409203489774541,-1.0389508724940393,-1.0431781589539952,-3.0
3,0.0,-1.0,-1.2964074544327122,-1.288781458561935,-1.2879781271126165,-1.2990776729281464,-4.0
4,2.0,-1.0,-1.2964074544327122,-1.288781458561935,-1.291899309512187,-1.2990776729281464,-5.0
5,1.0,-1.0,-0.8703084946710392,-0.7539687786150551,-0.9007764676966806,-0.8824692332605167,-6.0
6,1.0,-1.0,-0.7018617360155617,-0.6516002532983194,-0.7101696007511057,-0.6854493212187687,-7.0
7,2.0,-1.0,-0.757240490378503,-0.753327514440825,-0.7475473600992557,-0.767312673347957,-8.0
8,1.0,1.0,-0.25777075970583196,-0.130454654106149,-0.24313546910486222,-0.26731674169100816,-7.0
