,ACTION,REWARD,A0,A1,A2,A3,V
0,1.0,-1.0,-1.7025948347252633,-1.383644313703953,-1.712545473666896,-1.7210649694487048,-1.0
1,1.0,-1.0,-1.340219195387265,-1.0329783013437104,-1.3223115630875009,-1.3298296053206313,-2.0
2,2.0,-1.0,-0.8880947476806783,-0.887663107759513,-0.7177602165603011,-0.8924502195938245,-3.0
3,2.0,-1.0,-0.736059441145601,-0.7331449975011053,-0.6719820476725741,-0.7521338239441772,-4.0
4,0.0,-1.0,-0.7098475870198153,-0.6980108721311221,-0.6929946208987035,-0.6970841348558527,-5.0
5,1.0,-1.0,-0.7018617360155617,-0.6300032664965335,-0.7027736918388422,-0.6854493212187687,-6.0
6,2.0,-1.0,-0.7098475870198153,-0.6980108721311221,-0.6873319946513731,-0.6970841348558527,-7.0
7,1.0,1.0,-0.25777075970583196,-0.12940519578223328,-0.24313546910486222,-0.25343525745487877,-6.0
