,ACTION,REWARD,A0,A1,A2,A3,V
0,1.0,-1.0,-1.7025948347252633,-1.421757368454521,-1.7168923797441,-1.7210649694487048,-1.0
1,1.0,-1.0,-1.340219195387265,-1.0931814491196443,-1.3223115630875009,-1.3298296053206313,-2.0
2,2.0,-1.0,-0.8987359923109159,-0.887663107759513,-0.730711665309949,-0.8924502195938245,-3.0
3,2.0,-1.0,-0.7478404456904264,-0.7331449975011053,-0.6662465647712368,-0.7521338239441772,-4.0
4,1.0,-1.0,-0.7255072653500824,-0.7265003995546239,-0.7224873176765929,-0.7239450855349139,-5.0
5,2.0,1.0,-0.32424670566904606,-0.3226546536636726,-0.18039229581519925,-0.3232252822612119,-4.0
