,ACTION,REWARD,A0,A1,A2,A3,V
0,1.0,-1.0,-1.6922970472907541,-1.6703519917344976,-1.7212068403667107,-1.7392848577112399,-1.0
1,1.0,-1.0,-1.340219195387265,-1.3106548398194122,-1.3342204040737877,-1.3298296053206313,-2.0
2,2.0,-1.0,-0.9228727546414972,-0.9098429167827753,-0.8217980646134116,-0.9073914538333656,-3.0
3,3.0,-1.0,-0.7711735475128038,-0.7651973095051721,-0.7614537048996823,-0.7708971054446924,-4.0
4,2.0,-1.0,-0.9228727546414972,-0.9098429167827753,-0.8204331673113747,-0.9073914538333656,-5.0
5,2.0,-1.0,-0.7711735475128038,-0.7651973095051721,-0.7704182406743983,-0.7708971054446924,-6.0
6,1.0,-1.0,-0.7488685760665795,-0.7368096749832305,-0.7503798341793122,-0.7579541408070251,-7.0
7,2.0,1.0,-0.390355334689558,-0.38723187378286206,-0.34228308123068374,-0.4007377950987094,-6.0
