,ACTION,REWARD,A0,A1,A2,A3,V
0,1.0,-1.0,-1.6922970472907541,-1.6182385078666974,-1.7212068403667107,-1.7392848577112399,-1.0
1,1.0,-1.0,-1.340219195387265,-1.2705520955857352,-1.3282826810208967,-1.3298296053206313,-2.0
2,2.0,-1.0,-0.9103720469608946,-0.9098429167827753,-0.7539539966766444,-0.9073914538333656,-3.0
3,2.0,-1.0,-0.7595599101768331,-0.7417892334498972,-0.7354853131935271,-0.761112043296133,-4.0
4,1.0,-1.0,-0.7505123635375022,-0.6909522060745165,-0.7503798341793122,-0.7486189911505932,-5.0
5,3.0,-1.0,-0.3624766593782583,-0.35833579652337844,-0.35944669239134375,-0.3683659841774905,-6.0
6,2.0,-1.0,-0.5533215532693929,-0.5411323547547363,-0.493913751101989,-0.5411240389929167,-7.0
7,1.0,-1.0,-0.3624766593782583,-0.36797746072685505,-0.35944669239134375,-0.3683659841774905,-8.0
8,2.0,1.0,-0.3624766593782583,-0.36797746072685505,-0.3658522254674303,-0.3683659841774905,-7.0
