,ACTION,REWARD,A0,A1,A2,A3,V
0,1.0,-1.0,-1.6922970472907541,-1.6446207198855163,-1.7212068403667107,-1.7392848577112399,-1.0
1,1.0,-1.0,-1.340219195387265,-1.2893809055790681,-1.3282826810208967,-1.3298296053206313,-2.0
2,0.0,-1.0,-0.9228727546414972,-0.9098429167827753,-0.7882005367590551,-0.9073914538333656,-3.0
3,1.0,-1.0,-1.340219195387265,-1.2935809013541089,-1.3282826810208967,-1.3298296053206313,-4.0
4,2.0,-1.0,-0.9228727546414972,-0.9098429167827753,-0.797033870433937,-0.9073914538333656,-5.0
5,1.0,-1.0,-0.7711735475128038,-0.7433410850644472,-0.7523986182585551,-0.761112043296133,-6.0
6,2.0,-1.0,-0.5533215532693929,-0.5411323547547363,-0.5251889693884495,-0.5411240389929167,-7.0
7,2.0,1.0,-0.390355334689558,-0.38723187378286206,-0.3599228838058569,-0.3898571918269561,-6.0
