,ACTION,REWARD,A0,A1,A2,A3,V
0,1.0,-1.0,-1.7025948347252633,-1.3700572502878108,-1.712545473666896,-1.7210649694487048,-1.0
1,1.0,-1.0,-1.340219195387265,-1.031453845884504,-1.3223115630875009,-1.3298296053206313,-2.0
2,2.0,-1.0,-0.8880947476806783,-0.887663107759513,-0.7143907354955297,-0.8924502195938245,-3.0
3,2.0,-1.0,-0.736059441145601,-0.7331449975011053,-0.6705123102574612,-0.7521338239441772,-4.0
4,2.0,-1.0,-0.7098475870198153,-0.6980108721311221,-0.7001311579526591,-0.6970841348558527,-5.0
5,1.0,1.0,-0.25777075970583196,-0.11546273206230517,-0.24313546910486222,-0.25343525745487877,-4.0
