,ACTION,REWARD,A0,A1,A2,A3,V
0,1.0,-1.0,-1.6922970472907541,-1.665246849959388,-1.7212068403667107,-1.7392848577112399,-1.0
1,1.0,-1.0,-1.340219195387265,-1.3064011416337153,-1.3342204040737877,-1.3298296053206313,-2.0
2,2.0,-1.0,-0.9228727546414972,-0.9098429167827753,-0.813078844670451,-0.9073914538333656,-3.0
3,2.0,-1.0,-0.7711735475128038,-0.7579266186597552,-0.7614537048996823,-0.761112043296133,-4.0
4,3.0,-1.0,-0.7488685760665795,-0.7310080915236425,-0.7503798341793122,-0.7579541408070251,-5.0
5,1.0,-1.0,-0.7711735475128038,-0.7651973095051721,-0.7614537048996823,-0.761112043296133,-6.0
6,2.0,-1.0,-0.5533215532693929,-0.5411323547547363,-0.5466383688496975,-0.5411240389929167,-7.0
7,2.0,1.0,-0.390355334689558,-0.38723187378286206,-0.34574048609159974,-0.4007377950987094,-6.0
