,ACTION,REWARD,A0,A1,A2,A3,V
0,1.0,-1.0,-0.5866487787571202,-0.5806023877649965,-0.5901796070060767,-0.5894637199849464,-1.0
1,2.0,-1.0,-0.4468365850265846,-0.45322634777991017,-0.45501924999244875,-0.4491865956662952,-2.0
2,1.0,-1.0,-0.36955077735032693,-0.3750475553295313,-0.37417051468185103,-0.36844284690267687,-3.0
3,2.0,-1.0,-0.29846288517021313,-0.29429367940008666,-0.2972341858411391,-0.2911146339361231,-4.0
4,1.0,-1.0,-0.19787231950269185,-0.1978464331839647,-0.1969124810225651,-0.1898786853251311,-5.0
5,2.0,1.0,-0.14326404881153426,-0.1382342385684622,-0.10131442114327724,-0.13600405383177722,-4.0
