,ACTION,REWARD,A0,A1,A2,A3,V
0,1.0,-1.0,-1.6950240312061224,-1.5697386230685029,-1.7168923797441,-1.7323306650494952,-1.0
1,1.0,-1.0,-1.340219195387265,-1.224049781002467,-1.3282826810208967,-1.3298296053206313,-2.0
2,2.0,-1.0,-0.9103720469608946,-0.8951385970519673,-0.7221730657108477,-0.9073914538333656,-3.0
3,3.0,-1.0,-0.7595599101768331,-0.7331449975011053,-0.7122492878489101,-0.761112043296133,-4.0
4,2.0,-1.0,-0.9103720469608946,-0.8951385970519673,-0.7213615786443794,-0.9073914538333656,-5.0
5,2.0,-1.0,-0.7595599101768331,-0.7331449975011053,-0.7214244481139283,-0.761112043296133,-6.0
6,1.0,-1.0,-0.7505123635375022,-0.6955239011664095,-0.7503798341793122,-0.7486189911505932,-7.0
7,2.0,1.0,-0.32424670566904606,-0.3226546536636726,-0.3060260918672712,-0.3232252822612119,-6.0
