,ACTION,REWARD,A0,A1,A2,A3,V
0,1.0,-1.0,-1.7025948347252633,-1.3880027886803696,-1.7168923797441,-1.7210649694487048,-1.0
1,1.0,-1.0,-1.340219195387265,-1.0519836958592585,-1.3223115630875009,-1.3298296053206313,-2.0
2,2.0,-1.0,-0.8880947476806783,-0.887663107759513,-0.7286095918330039,-0.8924502195938245,-3.0
3,2.0,-1.0,-0.736059441145601,-0.7331449975011053,-0.6681939760023082,-0.7521338239441772,-4.0
4,3.0,-1.0,-0.7098475870198153,-0.7080777322228957,-0.7080660937947515,-0.7150925225351971,-5.0
5,2.0,-1.0,-0.736059441145601,-0.7331449975011053,-0.6678846310864379,-0.7521338239441772,-6.0
6,2.0,-1.0,-0.7098475870198153,-0.7080777322228957,-0.7118248180700524,-0.7150925225351971,-7.0
7,1.0,1.0,-0.25777075970583196,-0.08233237345732265,-0.24313546910486222,-0.25343525745487877,-6.0
