,ACTION,REWARD,A0,A1,A2,A3,V
0,1.0,-1.0,-1.698415292228319,-1.4609242243061844,-1.7168923797441,-1.7323306650494952,-1.0
1,1.0,-1.0,-1.340219195387265,-1.1260409047981923,-1.3282826810208967,-1.3298296053206313,-2.0
2,2.0,-1.0,-0.8987359923109159,-0.887663107759513,-0.7230165061913444,-0.8924502195938245,-3.0
3,2.0,-1.0,-0.7478404456904264,-0.7331449975011053,-0.6653387490410708,-0.7521338239441772,-4.0
4,2.0,-1.0,-0.733925255909772,-0.7352476323149137,-0.7361476113349524,-0.7326991048126882,-5.0
5,1.0,1.0,-0.25777075970583196,-0.09712238071649765,-0.24313546910486222,-0.26731674169100816,-4.0
