,ACTION,REWARD,A0,A1,A2,A3,V
0,1.0,-1.0,-1.7025948347252633,-1.4158436874512401,-1.7081817291224568,-1.7100449071602515,-1.0
1,1.0,-1.0,-1.330952805299453,-1.057180409423918,-1.3223115630875009,-1.3236625574497065,-2.0
2,2.0,-1.0,-0.8880947476806783,-0.887663107759513,-0.7146214459464788,-0.8771685005417285,-3.0
3,2.0,-1.0,-0.736059441145601,-0.7331449975011053,-0.66594052432181,-0.7521338239441772,-4.0
4,1.0,-1.0,-0.70118887288587,-0.6758760853601604,-0.6838716053158903,-0.6787980532241057,-5.0
5,2.0,1.0,-0.32424670566904606,-0.3226546536636726,-0.2832986498586899,-0.3232252822612119,-4.0
