,ACTION,REWARD,A0,A1,A2,A3,V
0,0.0,-1.0,-1.7236666847453006,-1.725556031646878,-1.7255745195100978,-1.7392848577112399,-1.0
1,0.0,-1.0,-1.7219430180605553,-1.725556031646878,-1.7255745195100978,-1.7392848577112399,-2.0
2,0.0,-1.0,-1.7302210750424947,-1.725556031646878,-1.7255745195100978,-1.7392848577112399,-3.0
3,1.0,-1.0,-1.7302210750424947,-1.7304509135518407,-1.7255745195100978,-1.7392848577112399,-4.0
4,1.0,-1.0,-1.354232835064591,-1.3546481518027607,-1.3536509034968927,-1.3543567796937848,-5.0
5,2.0,-1.0,-0.9228727546414972,-0.907172700607966,-0.8981191115193737,-0.9073914538333656,-6.0
6,2.0,-1.0,-0.8054904595318156,-0.8005269551114395,-0.7957333926671369,-0.8008884775747152,-7.0
7,2.0,-1.0,-0.757240490378503,-0.753327514440825,-0.735085869569452,-0.767312673347957,-8.0
8,1.0,1.0,-0.25777075970583196,-0.14775860648943664,-0.24313546910486222,-0.26731674169100816,-7.0
