,ACTION,REWARD,A0,A1,A2,A3,V
0,1.0,-1.0,-1.6950240312061224,-1.580361821854774,-1.7212068403667107,-1.7323306650494952,-1.0
1,1.0,-1.0,-1.340219195387265,-1.2325942890722579,-1.3282826810208967,-1.3298296053206313,-2.0
2,2.0,-1.0,-0.9103720469608946,-0.8951385970519673,-0.739908264049402,-0.9073914538333656,-3.0
3,2.0,-1.0,-0.7595599101768331,-0.7331449975011053,-0.7393128258529791,-0.761112043296133,-4.0
4,1.0,-1.0,-0.7505123635375022,-0.683232622439122,-0.7503798341793122,-0.7486189911505932,-5.0
5,2.0,1.0,-0.32424670566904606,-0.3226546536636726,-0.32663781091272137,-0.3232252822612119,-4.0
