,ACTION,REWARD,A0,A1,A2,A3,V
0,1.0,-1.0,-1.6922970472907541,-1.6855922724935792,-1.7212068403667107,-1.7392848577112399,-1.0
1,3.0,-1.0,-1.340219195387265,-1.3192449085305646,-1.3342204040737877,-1.3384045134442002,-2.0
2,1.0,-1.0,-1.340219195387265,-1.3235916351947188,-1.3342204040737877,-1.3384045134442002,-3.0
3,2.0,-1.0,-0.9228727546414972,-0.9098429167827753,-0.8362135692731233,-0.9073914538333656,-4.0
4,1.0,-1.0,-0.7711735475128038,-0.7744318893286927,-0.7704182406743983,-0.7708971054446924,-5.0
5,2.0,-1.0,-0.5646260573098144,-0.5600406311775816,-0.559261397150176,-0.5637019457138316,-6.0
6,2.0,1.0,-0.390355334689558,-0.38723187378286206,-0.3321169314350512,-0.4007377950987094,-5.0
