,ACTION,REWARD,A0,A1,A2,A3,V
0,1.0,-1.0,-1.7025948347252633,-1.44435400736811,-1.7081817291224568,-1.7100449071602515,-1.0
1,1.0,-1.0,-1.330952805299453,-1.0622132872192618,-1.3223115630875009,-1.3172593865264688,-2.0
2,2.0,-1.0,-0.8880947476806783,-0.8800891987980246,-0.7208281179315135,-0.8771685005417285,-3.0
3,2.0,-1.0,-0.736059441145601,-0.7331449975011053,-0.6600681976521853,-0.7521338239441772,-4.0
4,1.0,-1.0,-0.70118887288587,-0.6186016160013017,-0.6838716053158903,-0.6787980532241057,-5.0
5,1.0,-1.0,-0.3136280528231403,-0.3226546536636726,-0.2947926327083008,-0.3232252822612119,-6.0
6,2.0,1.0,-0.3136280528231403,-0.3226546536636726,-0.3018447063812178,-0.3232252822612119,-5.0
