,ACTION,REWARD,A0,A1,A2,A3,V
0,1.0,-1.0,-1.7025948347252633,-1.388194364359165,-1.712545473666896,-1.7210649694487048,-1.0
1,1.0,-1.0,-1.340219195387265,-1.0368769987088526,-1.3223115630875009,-1.3298296053206313,-2.0
2,3.0,-1.0,-0.8880947476806783,-0.887663107759513,-0.7200406810757548,-0.8924502195938245,-3.0
3,2.0,-1.0,-0.8880947476806783,-0.887663107759513,-0.7188969579940186,-0.8924502195938245,-4.0
4,2.0,-1.0,-0.736059441145601,-0.7331449975011053,-0.6724697940247331,-0.7521338239441772,-5.0
5,1.0,-1.0,-0.70118887288587,-0.6980108721311221,-0.6929946208987035,-0.6970841348558527,-6.0
6,2.0,1.0,-0.32424670566904606,-0.3226546536636726,-0.2327315626926446,-0.3232252822612119,-5.0
