,ACTION,REWARD,A0,A1,A2,A3,V
0,2.0,-1.0,-1.7025948347252633,-1.4065652373040163,-1.712545473666896,-1.7100449071602515,-1.0
1,2.0,-1.0,-1.2766146881275964,-1.2759316022279614,-1.2758788131004377,-1.274706757096997,-2.0
2,1.0,-1.0,-0.8703084946710392,-0.7610431580668544,-0.9007764676966806,-0.8824692332605167,-3.0
3,1.0,-1.0,-0.7018617360155617,-0.6300669847560052,-0.7027736918388422,-0.6854493212187687,-4.0
4,2.0,-1.0,-0.70118887288587,-0.6872845332019751,-0.6885086774084886,-0.687993448608451,-5.0
5,1.0,1.0,-0.25777075970583196,-0.15233669603329586,-0.24313546910486222,-0.25343525745487877,-4.0
