,ACTION,REWARD,A0,A1,A2,A3,V
0,1.0,-1.0,-1.7253920768221227,-1.7157166228986356,-1.7255745195100978,-1.7392848577112399,-1.0
1,1.0,-1.0,-1.3421687720040725,-1.3500491357145952,-1.3477781269135822,-1.3470495317076683,-2.0
2,2.0,-1.0,-0.9228727546414972,-0.907172700607966,-0.8999452717012805,-0.9073914538333656,-3.0
3,1.0,-1.0,-0.8054904595318156,-0.8005269551114395,-0.7970325039006767,-0.8008884775747152,-4.0
4,2.0,-1.0,-0.5775303271893847,-0.5694805905464041,-0.5709664627834791,-0.5745250906042391,-5.0
5,2.0,1.0,-0.390355334689558,-0.38723187378286206,-0.3126814982260738,-0.4007377950987094,-4.0
