,ACTION,REWARD,A0,A1,A2,A3,V
0,1.0,-1.0,-1.7025948347252633,-1.4065652373040163,-1.7081817291224568,-1.7100449071602515,-1.0
1,1.0,-1.0,-1.330952805299453,-1.0489310146256183,-1.3223115630875009,-1.3236625574497065,-2.0
2,3.0,-1.0,-0.8880947476806783,-0.887663107759513,-0.7134686962059104,-0.8848180338021644,-3.0
3,2.0,-1.0,-0.8880947476806783,-0.887663107759513,-0.7123222852784727,-0.8848180338021644,-4.0
4,2.0,-1.0,-0.736059441145601,-0.7331449975011053,-0.6648195462873818,-0.7521338239441772,-5.0
5,3.0,-1.0,-0.70118887288587,-0.681667012355287,-0.6838716053158903,-0.687993448608451,-6.0
6,2.0,-1.0,-0.736059441145601,-0.7331449975011053,-0.6643063539357056,-0.7521338239441772,-7.0
7,1.0,-1.0,-0.70118887288587,-0.6872845332019751,-0.6838716053158903,-0.687993448608451,-8.0
8,2.0,1.0,-0.32424670566904606,-0.3226546536636726,-0.257761006726502,-0.3232252822612119,-7.0
