,ACTION,REWARD,A0,A1,A2,A3,V
0,2.0,-1.0,-1.7302210750424947,-1.7304509135518407,-1.7299178074420543,-1.7392848577112399,-1.0
1,1.0,-1.0,-1.2964074544327122,-1.2952499762950491,-1.291899309512187,-1.2990776729281464,-2.0
2,0.0,-1.0,-1.0508236488462985,-1.0409203489774541,-1.0444257660487837,-1.0431781589539952,-3.0
3,2.0,-1.0,-1.2964074544327122,-1.2952499762950491,-1.2957660354246006,-1.2990776729281464,-4.0
4,1.0,-1.0,-0.8703084946710392,-0.7522954004219606,-0.9007764676966806,-0.8824692332605167,-5.0
5,1.0,-1.0,-0.7018617360155617,-0.6619098280622923,-0.7101696007511057,-0.6854493212187687,-6.0
6,2.0,-1.0,-0.757240490378503,-0.753327514440825,-0.7290648383321624,-0.767312673347957,-7.0
7,1.0,1.0,-0.25777075970583196,-0.15628102042454228,-0.24313546910486222,-0.26731674169100816,-6.0
