,ACTION,REWARD,A0,A1,A2,A3,V
0,1.0,-1.0,-1.698415292228319,-1.4498030345700113,-1.7168923797441,-1.7323306650494952,-1.0
1,1.0,-1.0,-1.340219195387265,-1.1207297668406708,-1.3223115630875009,-1.3298296053206313,-2.0
2,2.0,-1.0,-0.8987359923109159,-0.887663107759513,-0.7242706251031339,-0.8924502195938245,-3.0
3,2.0,-1.0,-0.7478404456904264,-0.7331449975011053,-0.665475619104137,-0.7521338239441772,-4.0
4,2.0,-1.0,-0.733925255909772,-0.7308589262214145,-0.732682413830379,-0.7326991048126882,-5.0
5,1.0,1.0,-0.25777075970583196,-0.08800240476413904,-0.24313546910486222,-0.26731674169100816,-4.0
