,ACTION,REWARD,A0,A1,A2,A3,V
0,1.0,-1.0,-1.6922970472907541,-1.5970672432065012,-1.7212068403667107,-1.7392848577112399,-1.0
1,1.0,-1.0,-1.340219195387265,-1.2541247321588018,-1.3282826810208967,-1.3298296053206313,-2.0
2,2.0,-1.0,-0.9103720469608946,-0.9025393314514971,-0.7463957916361657,-0.9073914538333656,-3.0
3,1.0,-1.0,-0.7595599101768331,-0.7417892334498972,-0.7393128258529791,-0.761112043296133,-4.0
4,2.0,-1.0,-0.5533215532693929,-0.5411323547547363,-0.4872991947970921,-0.5411240389929167,-5.0
5,2.0,1.0,-0.3624766593782583,-0.3486844810043828,-0.33983925819911565,-0.3575718046886196,-4.0
