,ACTION,REWARD,A0,A1,A2,A3,V
0,2.0,-1.0,-1.7467523631134847,-1.744952740147409,-1.7370122924457267,-1.7475455728535285,-1.0
1,0.0,-1.0,-1.3050495911914524,-1.2981489339706058,-1.2895790336741522,-1.2990776729281464,-2.0
2,2.0,-1.0,-1.3050495911914524,-1.2981489339706058,-1.2934398100512434,-1.2990776729281464,-3.0
3,1.0,-1.0,-0.8703084946710392,-0.749176166736789,-0.9007764676966806,-0.8824692332605167,-4.0
4,1.0,-1.0,-0.7018617360155617,-0.6612285171013693,-0.7101696007511057,-0.6980238827207761,-5.0
5,2.0,-1.0,-0.7656238139841955,-0.753327514440825,-0.6955212195796837,-0.7767615179748595,-6.0
6,1.0,1.0,-0.25777075970583196,-0.19763164551195841,-0.24313546910486222,-0.2810499065860505,-5.0
