,ACTION,REWARD,A0,A1,A2,A3,V
0,2.0,-1.0,-1.7467523631134847,-1.744952740147409,-1.7398734136313043,-1.7475455728535285,-1.0
1,1.0,-1.0,-1.3050495911914524,-1.3046168929024675,-1.3010042366323584,-1.2990776729281464,-2.0
2,2.0,-1.0,-1.0508236488462985,-1.0543450573420359,-1.0553836322656132,-1.0549344728800365,-3.0
3,1.0,-1.0,-0.7018617360155617,-0.6601330925372737,-0.7101696007511057,-0.6980238827207761,-4.0
4,2.0,-1.0,-0.7656238139841955,-0.753327514440825,-0.6900816107826369,-0.7767615179748595,-5.0
5,1.0,1.0,-0.25777075970583196,-0.20166278800860774,-0.24313546910486222,-0.2810499065860505,-4.0
