,ACTION,REWARD,A0,A1,A2,A3,V
0,2.0,-1.0,-1.774331355536288,-1.7639143667776132,-1.4538268230581632,-1.7758020883625831,-1.0
1,2.0,-1.0,-1.3224307970586606,-1.329030066696247,-1.0383725707571916,-1.3466243423127893,-2.0
2,1.0,-1.0,-0.885763273152685,-0.7132224688708553,-0.9082137355384686,-0.9176422472617686,-3.0
3,1.0,-1.0,-0.7206378779348195,-0.6965876324879189,-0.7172812230296229,-0.7248234036737167,-4.0
4,3.0,-1.0,-0.7824298021877881,-0.7785095426671956,-0.776350600735193,-0.7952076203043836,-5.0
5,2.0,-1.0,-0.8054904595318156,-0.8005269551114395,-0.7903235706833325,-0.8008884775747152,-6.0
6,2.0,-1.0,-0.7824298021877881,-0.7785095426671956,-0.7765155801596013,-0.7952076203043836,-7.0
7,1.0,1.0,-0.3264039112294318,0.23786660250637134,-0.3272029469588048,-0.34771288359459473,-6.0
