,ACTION,REWARD,A0,A1,A2,A3,V
0,2.0,-1.0,-1.7685926635462648,-1.7639143667776132,-1.5333232684075964,-1.7640422292533944,-1.0
1,3.0,-1.0,-1.3224307970586606,-1.322868882583638,-1.1026019961788824,-1.3466243423127893,-2.0
2,2.0,-1.0,-1.7685926635462648,-1.7639143667776132,-1.5279134536891303,-1.7640422292533944,-3.0
3,2.0,-1.0,-1.3224307970586606,-1.322868882583638,-1.0979106955859952,-1.3466243423127893,-4.0
4,1.0,-1.0,-0.878101502890168,-0.7028956569089362,-0.9082137355384686,-0.9070198439335042,-5.0
5,1.0,-1.0,-0.7206378779348195,-0.6752388743576951,-0.7172812230296229,-0.7226997196245314,-6.0
6,2.0,-1.0,-0.7739001892877202,-0.7586083727804515,-0.7594099309617267,-0.7860376659155692,-7.0
7,1.0,1.0,-0.3264039112294318,0.10874241884675549,-0.322212376353812,-0.32032400271217537,-6.0
