,ACTION,REWARD,A0,A1,A2,A3,V
0,2.0,-1.0,-1.7614973545344814,-1.7639143667776132,-1.759371538638833,-1.7640422292533944,-1.0
1,0.0,-1.0,-1.3224307970586606,-1.3139303440417878,-1.317058734779311,-1.3244236091084964,-2.0
2,1.0,-1.0,-1.3224307970586606,-1.3102956787969782,-1.317058734779311,-1.3244236091084964,-3.0
3,2.0,-1.0,-1.062024665589153,-1.0608939700792492,-1.0513848374122898,-1.0666399729356568,-4.0
4,1.0,-1.0,-0.7114634011430532,-0.6618975434009273,-0.7101696007511057,-0.6980238827207761,-5.0
5,2.0,-1.0,-0.7739001892877202,-0.753327514440825,-0.6280663778614536,-0.7767615179748595,-6.0
6,2.0,-1.0,-0.28119677864915654,-0.2772063009709224,-0.26983409230092364,-0.29403744186774894,-7.0
7,2.0,-1.0,-0.28119677864915654,-0.2772063009709224,-0.27956425820862274,-0.29403744186774894,-8.0
8,1.0,1.0,-0.28119677864915654,-0.2844342379612132,-0.27956425820862274,-0.29403744186774894,-7.0
