,ACTION,REWARD,A0,A1,A2,A3,V
0,2.0,-1.0,-1.774331355536288,-1.7639143667776132,-1.4586339079643964,-1.7758020883625831,-1.0
1,2.0,-1.0,-1.3224307970586606,-1.329030066696247,-1.0344078472694573,-1.3466243423127893,-2.0
2,1.0,-1.0,-0.885763273152685,-0.722359532874538,-0.9082137355384686,-0.9176422472617686,-3.0
3,1.0,-1.0,-0.7206378779348195,-0.6966103963844761,-0.7172812230296229,-0.7248234036737167,-4.0
4,0.0,-1.0,-0.7908749977333706,-0.7785095426671956,-0.7765155801596013,-0.7952076203043836,-5.0
5,1.0,-1.0,-0.7206378779348195,-0.6966329326420677,-0.7172812230296229,-0.7248234036737167,-6.0
6,2.0,-1.0,-0.7908749977333706,-0.7785095426671956,-0.7766096249354479,-0.7952076203043836,-7.0
7,1.0,1.0,-0.3264039112294318,0.22548793648130763,-0.3272029469588048,-0.34771288359459473,-6.0
