,ACTION,REWARD,A0,A1,A2,A3,V
0,2.0,-1.0,-1.774331355536288,-1.7639143667776132,-1.4695017515378757,-1.7758020883625831,-1.0
1,2.0,-1.0,-1.3224307970586606,-1.329030066696247,-1.0504604451454513,-1.3466243423127893,-2.0
2,1.0,-1.0,-0.878101502890168,-0.7158650323798524,-0.9082137355384686,-0.9176422472617686,-3.0
3,1.0,-1.0,-0.7206378779348195,-0.696529662466582,-0.7172812230296229,-0.7248234036737167,-4.0
4,2.0,-1.0,-0.7824298021877881,-0.7785095426671956,-0.7754157124102152,-0.7860376659155692,-5.0
5,3.0,-1.0,-0.3264039112294318,0.20660361946160005,-0.3272029469588048,-0.34771288359459473,-6.0
6,2.0,-1.0,-0.7824298021877881,-0.7785095426671956,-0.7758021227109587,-0.7860376659155692,-7.0
7,1.0,1.0,-0.3264039112294318,0.21453758326698405,-0.3272029469588048,-0.34771288359459473,-6.0
