,ACTION,REWARD,A0,A1,A2,A3,V
0,2.0,-1.0,-1.7685926635462648,-1.7639143667776132,-1.5140671789799076,-1.7640422292533944,-1.0
1,2.0,-1.0,-1.3224307970586606,-1.329030066696247,-1.0758226804061102,-1.3466243423127893,-2.0
2,1.0,-1.0,-0.878101502890168,-0.7063512930795144,-0.9082137355384686,-0.9070198439335042,-3.0
3,1.0,-1.0,-0.7206378779348195,-0.6760845281961793,-0.7172812230296229,-0.7248234036737167,-4.0
4,2.0,-1.0,-0.7739001892877202,-0.7688940504605091,-0.7671198309033821,-0.7860376659155692,-5.0
5,1.0,1.0,-0.3264039112294318,0.13149271924106948,-0.322212376353812,-0.32032400271217537,-4.0
