,ACTION,REWARD,A0,A1,A2,A3,V
0,2.0,-1.0,-1.7685926635462648,-1.7639143667776132,-1.5607652196546087,-1.7640422292533944,-1.0
1,2.0,-1.0,-1.3224307970586606,-1.322868882583638,-1.1217556695253306,-1.3361862958556776,-2.0
2,1.0,-1.0,-0.878101502890168,-0.7078074111051975,-0.9082137355384686,-0.9070198439335042,-3.0
3,1.0,-1.0,-0.7206378779348195,-0.6750547927562718,-0.7172812230296229,-0.7226997196245314,-4.0
4,2.0,-1.0,-0.7739001892877202,-0.753327514440825,-0.7488531225116148,-0.7860376659155692,-5.0
5,3.0,-1.0,-0.3264039112294318,0.06344527687042495,-0.322212376353812,-0.32032400271217537,-6.0
6,2.0,-1.0,-0.7739001892877202,-0.753327514440825,-0.7507935837946649,-0.7860376659155692,-7.0
7,1.0,1.0,-0.3264039112294318,0.0628108241017207,-0.322212376353812,-0.32032400271217537,-6.0
