,ACTION,REWARD,A0,A1,A2,A3,V
0,2.0,-1.0,-1.7614973545344814,-1.7639143667776132,-1.6674358709184665,-1.7640422292533944,-1.0
1,3.0,-1.0,-1.3224307970586606,-1.322868882583638,-1.2335016733252977,-1.3361862958556776,-2.0
2,2.0,-1.0,-1.7614973545344814,-1.7639143667776132,-1.6618630272692094,-1.7640422292533944,-3.0
3,2.0,-1.0,-1.3224307970586606,-1.322868882583638,-1.237580795642689,-1.3361862958556776,-4.0
4,1.0,-1.0,-0.878101502890168,-0.7114924024364239,-0.9082137355384686,-0.8954029121884126,-5.0
5,1.0,-1.0,-0.7114634011430532,-0.6592870920828634,-0.7101696007511057,-0.7104650182193066,-6.0
6,2.0,-1.0,-0.7739001892877202,-0.753327514440825,-0.6838039077700278,-0.7767615179748595,-7.0
7,1.0,1.0,-0.3153083812879447,-0.12385370804604108,-0.30813923976591673,-0.30665083293896045,-6.0
