,ACTION,REWARD,A0,A1,A2,A3,V
0,2.0,-1.0,-1.7614973545344814,-1.7639143667776132,-1.7137055374256454,-1.7640422292533944,-1.0
1,2.0,-1.0,-1.3224307970586606,-1.316655185545719,-1.2721263422545603,-1.3244236091084964,-2.0
2,1.0,-1.0,-0.8703084946710392,-0.7231280274759867,-0.9082137355384686,-0.8954029121884126,-3.0
3,3.0,-1.0,-0.7114634011430532,-0.6554112456228985,-0.7101696007511057,-0.7104650182193066,-4.0
4,2.0,-1.0,-1.062024665589153,-1.0608939700792492,-1.0422498770418174,-1.0666399729356568,-5.0
5,1.0,-1.0,-0.7114634011430532,-0.6545980373836107,-0.7101696007511057,-0.7104650182193066,-6.0
6,2.0,-1.0,-0.7739001892877202,-0.753327514440825,-0.6436146983032199,-0.7767615179748595,-7.0
7,1.0,1.0,-0.3040714723418393,-0.24267578836643788,-0.30813923976591673,-0.30665083293896045,-6.0
