,ACTION,REWARD,A0,A1,A2,A3,V
0,3.0,-1.0,-1.7685926635462648,-1.7639143667776132,-1.5086089113137635,-1.7699792871626843,-1.0
1,2.0,-1.0,-1.7685926635462648,-1.7639143667776132,-1.5032556167377837,-1.7699792871626843,-2.0
2,2.0,-1.0,-1.3224307970586606,-1.329030066696247,-1.0769557519554893,-1.3466243423127893,-3.0
3,3.0,-1.0,-0.878101502890168,-0.7053725409024848,-0.9082137355384686,-0.9176422472617686,-4.0
4,2.0,-1.0,-1.3224307970586606,-1.329030066696247,-1.0725345473040568,-1.3466243423127893,-5.0
5,1.0,-1.0,-0.878101502890168,-0.7044048653459911,-0.9082137355384686,-0.9176422472617686,-6.0
6,1.0,-1.0,-0.7206378779348195,-0.6763798705615149,-0.7172812230296229,-0.7248234036737167,-7.0
7,2.0,-1.0,-0.7739001892877202,-0.7688940504605091,-0.7693209460115289,-0.7860376659155692,-8.0
8,1.0,1.0,-0.3264039112294318,0.1487760141281722,-0.322212376353812,-0.32032400271217537,-7.0
