,ACTION,REWARD,A0,A1,A2,A3,V
0,3.0,-1.0,-1.7685926635462648,-1.7639143667776132,-1.5025104523917532,-1.7758020883625831,-1.0
1,2.0,-1.0,-1.7685926635462648,-1.7639143667776132,-1.49705953338938,-1.7758020883625831,-2.0
2,2.0,-1.0,-1.3224307970586606,-1.329030066696247,-1.059483740573994,-1.3466243423127893,-3.0
3,1.0,-1.0,-0.878101502890168,-0.7118360042654979,-0.9082137355384686,-0.9176422472617686,-4.0
4,1.0,-1.0,-0.7206378779348195,-0.6965612979564555,-0.7172812230296229,-0.7248234036737167,-5.0
5,2.0,-1.0,-0.7739001892877202,-0.7737841421836064,-0.7711702706141355,-0.7860376659155692,-6.0
6,1.0,1.0,-0.3264039112294318,0.16571537144702156,-0.322212376353812,-0.32032400271217537,-5.0
