,ACTION,REWARD,A0,A1,A2,A3,V
0,2.0,-1.0,-1.7614973545344814,-1.7639143667776132,-1.6742296182300411,-1.7640422292533944,-1.0
1,2.0,-1.0,-1.3224307970586606,-1.322868882583638,-1.245489772047573,-1.3244236091084964,-2.0
2,1.0,-1.0,-0.878101502890168,-0.7151771921579264,-0.9082137355384686,-0.8954029121884126,-3.0
3,1.0,-1.0,-0.7114634011430532,-0.6504960150254795,-0.7101696007511057,-0.7104650182193066,-4.0
4,2.0,-1.0,-0.7739001892877202,-0.753327514440825,-0.6803915618753031,-0.7767615179748595,-5.0
5,0.0,-1.0,-0.3153083812879447,-0.1699545868882394,-0.30813923976591673,-0.30665083293896045,-6.0
6,1.0,-1.0,-0.5699657688600814,-0.4720681949296145,-0.5609222492796326,-0.5552752494512366,-7.0
7,1.0,1.0,-0.3153083812879447,-0.158255041019357,-0.30813923976591673,-0.30665083293896045,-6.0
