,ACTION,REWARD,A0,A1,A2,A3,V
0,2.0,-1.0,-1.774331355536288,-1.7639143667776132,-1.4170658681828496,-1.7758020883625831,-1.0
1,2.0,-1.0,-1.3224307970586606,-1.3351040634556004,-1.0081273477669974,-1.3466243423127893,-2.0
2,1.0,-1.0,-0.8933648260512971,-0.715885346553318,-0.9082137355384686,-0.9176422472617686,-3.0
3,1.0,-1.0,-0.7206378779348195,-0.6968680320499172,-0.7172812230296229,-0.7369770586862442,-4.0
4,2.0,-1.0,-0.7908749977333706,-0.7830730567268948,-0.7778374016145206,-0.7952076203043836,-5.0
5,1.0,1.0,-0.3264039112294318,0.25927454107026926,-0.3272029469588048,-0.36123204626428546,-4.0
