,ACTION,REWARD,A0,A1,A2,A3,V
0,2.0,-1.0,-1.7614973545344814,-1.7639143667776132,-1.673065005917716,-1.7640422292533944,-1.0
1,2.0,-1.0,-1.3224307970586606,-1.322868882583638,-1.2335016733252977,-1.3244236091084964,-2.0
2,1.0,-1.0,-0.878101502890168,-0.7126821167382497,-0.9082137355384686,-0.8954029121884126,-3.0
3,1.0,-1.0,-0.7114634011430532,-0.6596785406174129,-0.7101696007511057,-0.7104650182193066,-4.0
4,2.0,-1.0,-0.7739001892877202,-0.753327514440825,-0.6894818746249496,-0.7767615179748595,-5.0
5,1.0,1.0,-0.3153083812879447,-0.1352057657030718,-0.30813923976591673,-0.30665083293896045,-4.0
