,ACTION,REWARD,A0,A1,A2,A3,V
0,2.0,-1.0,-1.7685926635462648,-1.7639143667776132,-1.4916242917206521,-1.7758020883625831,-1.0
1,2.0,-1.0,-1.3224307970586606,-1.329030066696247,-1.0552954272066437,-1.3466243423127893,-2.0
2,1.0,-1.0,-0.878101502890168,-0.710986695904451,-0.9082137355384686,-0.9176422472617686,-3.0
3,1.0,-1.0,-0.7206378779348195,-0.6965362174124181,-0.7172812230296229,-0.7248234036737167,-4.0
4,2.0,-1.0,-0.7739001892877202,-0.7737841421836064,-0.7719671295649709,-0.7860376659155692,-5.0
5,1.0,1.0,-0.3264039112294318,0.17405821773255134,-0.322212376353812,-0.32032400271217537,-4.0
