,ACTION,REWARD,A0,A1,A2,A3,V
0,2.0,-1.0,-1.7614973545344814,-1.7639143667776132,-1.742072989830334,-1.7640422292533944,-1.0
1,2.0,-1.0,-1.3137445416002609,-1.3139303440417878,-1.3064856956112267,-1.3117843936058269,-2.0
2,3.0,-1.0,-0.8703084946710392,-0.7370686282596368,-0.9007764676966806,-0.8954029121884126,-3.0
3,2.0,-1.0,-1.3137445416002609,-1.3139303440417878,-1.3100544563094512,-1.3117843936058269,-4.0
4,2.0,-1.0,-0.8703084946710392,-0.7370686282596368,-0.9082137355384686,-0.8954029121884126,-5.0
5,1.0,-1.0,-0.7290756370369198,-0.7133378534029648,-0.7330310832005971,-0.7272872647893822,-6.0
6,1.0,-1.0,-0.5482247142912359,-0.4845376973790763,-0.5609222492796326,-0.5552752494512366,-7.0
7,2.0,-1.0,-0.25777075970583196,-0.25508147588621904,-0.26167029846320583,-0.29403744186774894,-8.0
8,1.0,1.0,-0.25777075970583196,-0.26253066112735685,-0.26167029846320583,-0.29403744186774894,-7.0
