,ACTION,REWARD,A0,A1,A2,A3,V
0,2.0,-1.0,-1.7685926635462648,-1.7639143667776132,-1.5025104523917532,-1.7699792871626843,-1.0
1,2.0,-1.0,-1.3224307970586606,-1.329030066696247,-1.0637983912826872,-1.3466243423127893,-2.0
2,1.0,-1.0,-0.878101502890168,-0.7025925782370994,-0.9082137355384686,-0.9176422472617686,-3.0
3,1.0,-1.0,-0.7206378779348195,-0.6965946456410477,-0.7172812230296229,-0.7248234036737167,-4.0
4,2.0,-1.0,-0.7739001892877202,-0.7737841421836064,-0.7702887524242601,-0.7860376659155692,-5.0
5,1.0,1.0,-0.3264039112294318,0.15728825398689047,-0.322212376353812,-0.32032400271217537,-4.0
