,ACTION,REWARD,A0,A1,A2,A3,V
0,1.0,-1.0,-1.7550056107503713,-1.7592179246202906,-1.7569064401432801,-1.755798027280675,-1.0
1,1.0,-1.0,-1.3782824174157773,-1.3724247799829496,-1.365402378169505,-1.368927483299615,-2.0
2,2.0,-1.0,-0.9228727546414972,-0.907172700607966,-0.8906865254516263,-0.9073914538333656,-3.0
3,2.0,-1.0,-0.8054904595318156,-0.8005269551114395,-0.7826403467175944,-0.8008884775747152,-4.0
4,0.0,-1.0,-0.7739001892877202,-0.753327514440825,-0.6656801212419466,-0.7767615179748595,-5.0
5,1.0,-1.0,-0.7018617360155617,-0.6585785998615101,-0.7101696007511057,-0.6980238827207761,-6.0
6,2.0,-1.0,-0.7739001892877202,-0.753327514440825,-0.6610122233239086,-0.7767615179748595,-7.0
7,1.0,1.0,-0.25777075970583196,-0.2087793623819662,-0.24313546910486222,-0.2810499065860505,-6.0
