,ACTION,REWARD,A0,A1,A2,A3,V
0,2.0,-1.0,-1.774331355536288,-1.7639143667776132,-1.4854090747781346,-1.7758020883625831,-1.0
1,2.0,-1.0,-1.3224307970586606,-1.329030066696247,-1.0528348538427503,-1.3466243423127893,-2.0
2,1.0,-1.0,-0.878101502890168,-0.7084883614938337,-0.9082137355384686,-0.9176422472617686,-3.0
3,1.0,-1.0,-0.7206378779348195,-0.6965127808768568,-0.7172812230296229,-0.7248234036737167,-4.0
4,1.0,-1.0,-0.7739001892877202,-0.7785095426671956,-0.7740128662769706,-0.7860376659155692,-5.0
5,2.0,1.0,-0.40324267286598736,-0.38723187378286206,-0.2609566095967885,-0.4007377950987094,-4.0
