,ACTION,REWARD,A0,A1,A2,A3,V
0,2.0,-1.0,-1.7685926635462648,-1.7639143667776132,-1.5314571654225149,-1.7640422292533944,-1.0
1,1.0,-1.0,-1.3224307970586606,-1.329030066696247,-1.088642567698774,-1.3466243423127893,-2.0
2,2.0,-1.0,-1.062024665589153,-1.0608939700792492,-1.038964582825622,-1.0666399729356568,-3.0
3,1.0,-1.0,-0.7206378779348195,-0.6754890899796676,-0.7172812230296229,-0.7226997196245314,-4.0
4,2.0,-1.0,-0.7739001892877202,-0.7638364225366816,-0.7621698834317392,-0.7860376659155692,-5.0
5,1.0,1.0,-0.3264039112294318,0.11647844471170506,-0.322212376353812,-0.32032400271217537,-4.0
