,ACTION,REWARD,A0,A1,A2,A3,V
0,2.0,-1.0,-1.7685926635462648,-1.7639143667776132,-1.6170570332194645,-1.7640422292533944,-1.0
1,2.0,-1.0,-1.3224307970586606,-1.322868882583638,-1.1800443281464257,-1.3361862958556776,-2.0
2,1.0,-1.0,-0.878101502890168,-0.7008136196432642,-0.9082137355384686,-0.8954029121884126,-3.0
3,1.0,-1.0,-0.7114634011430532,-0.6657822519521029,-0.7101696007511057,-0.7104650182193066,-4.0
4,2.0,-1.0,-0.7739001892877202,-0.753327514440825,-0.7212457030516716,-0.7860376659155692,-5.0
5,1.0,1.0,-0.3264039112294318,-0.03541294948701778,-0.3158568106133126,-0.30665083293896045,-4.0
