,ACTION,REWARD,A0,A1,A2,A3,V
0,2.0,-1.0,-1.7902106009987284,-1.7685955704595335,-1.2108249294616198,-1.784892951880536,-1.0
1,2.0,-1.0,-1.3394678790286068,-1.3485690347841814,-0.9018900805223803,-1.3557291689474258,-2.0
2,1.0,-1.0,-0.9082834726120514,-0.7066006504471046,-0.9155012064008354,-0.9370702446978239,-3.0
3,1.0,-1.0,-0.738869162633522,-0.7154657715938184,-0.7309123873801147,-0.7837161876760054,-4.0
4,2.0,-1.0,-0.8078372880839468,-0.7830730567268948,-0.7094044169262524,-0.8043600793982452,-5.0
5,1.0,1.0,-0.33731062091769193,0.5295803002400277,-0.32911247317240283,-0.4008488890586561,-4.0
