,ACTION,REWARD,A0,A1,A2,A3,V
0,3.0,-1.0,-1.7792044948354961,-1.7639143667776132,-1.37200594265801,-1.7803921209628795,-1.0
1,2.0,-1.0,-1.7792044948354961,-1.7639143667776132,-1.3671946808095026,-1.7803921209628795,-2.0
2,1.0,-1.0,-1.3282468904697489,-1.3369595753583343,-0.9898663975636205,-1.3557291689474258,-3.0
3,2.0,-1.0,-1.062024665589153,-1.0608939700792492,-1.0283739226843898,-1.0666399729356568,-4.0
4,3.0,-1.0,-0.7206378779348195,-0.7160757310329211,-0.7172812230296229,-0.7488626534035413,-5.0
5,2.0,-1.0,-1.062024665589153,-1.0608939700792492,-1.0245348650368422,-1.0666399729356568,-6.0
6,1.0,-1.0,-0.7206378779348195,-0.715894103173519,-0.7172812230296229,-0.7488626534035413,-7.0
7,2.0,-1.0,-0.7908749977333706,-0.7830730567268948,-0.775028651269077,-0.7952076203043836,-8.0
8,1.0,1.0,-0.3264039112294318,0.2843147166194556,-0.3272029469588048,-0.3878524064096486,-7.0
