,ACTION,REWARD,A0,A1,A2,A3,V
0,1.0,-1.0,-1.792688279396108,-1.77321072142432,-1.1256204350405545,-1.7872971901905386,-1.0
1,2.0,-1.0,-1.3782824174157773,-1.3767167109121847,-1.3622944682865825,-1.3775585558163155,-2.0
2,2.0,-1.0,-1.062024665589153,-1.0673979425146067,-1.0160546505425514,-1.0782939205559967,-3.0
3,2.0,-1.0,-0.7963665312031717,-0.7853237651758738,-0.7896168691107193,-0.7950526190072965,-4.0
4,1.0,-1.0,-0.5910589782822,-0.4108130735785938,-0.5670644739699006,-0.5552752494512366,-5.0
5,1.0,1.0,-0.33731062091769193,0.6255829319336113,-0.3307394007384243,-0.4372803317627143,-4.0
