,ACTION,REWARD,A0,A1,A2,A3,V
0,2.0,-1.0,-1.792688279396108,-1.77321072142432,-1.1156862247028014,-1.7872971901905386,-1.0
1,2.0,-1.0,-1.3485345764713232,-1.3598860565023312,-0.8779606428521786,-1.3628217367139037,-2.0
2,0.0,-1.0,-0.9281557808206423,-0.9194426651716182,-0.919817210690953,-0.9370702446978239,-3.0
3,1.0,-1.0,-0.9281557808206423,-0.9173547903418985,-0.919817210690953,-0.9370702446978239,-4.0
4,2.0,-1.0,-0.7963665312031717,-0.7936430807708528,-0.7953300694098856,-0.7950526190072965,-5.0
5,1.0,-1.0,-0.5910589782822,-0.39142328444579344,-0.5670644739699006,-0.5552752494512366,-6.0
6,1.0,1.0,-0.33731062091769193,0.626803493272251,-0.3307394007384243,-0.4372803317627143,-5.0
