,ACTION,REWARD,A0,A1,A2,A3,V
0,2.0,-1.0,-1.7902106009987284,-1.7685955704595335,-1.1650295431528865,-1.784892951880536,-1.0
1,2.0,-1.0,-1.3394678790286068,-1.3485690347841814,-0.8958574154092585,-1.3628217367139037,-2.0
2,1.0,-1.0,-0.9200612734375601,-0.7864548192285792,-0.9126883303482374,-0.9370702446978239,-3.0
3,1.0,-1.0,-0.7560957344646819,-0.7509236277221437,-0.7429607129391262,-0.7837161876760054,-4.0
4,1.0,-1.0,-0.8078372880839468,-0.7874774495511332,-0.7015783173972356,-0.822520675546502,-5.0
5,2.0,1.0,-0.40324267286598736,-0.39570816453140456,-0.2358635730658124,-0.4007377950987094,-4.0
