,ACTION,REWARD,A0,A1,A2,A3,V
0,2.0,-1.0,-1.7792044948354961,-1.7639143667776132,-1.3141611897894452,-1.784892951880536,-1.0
1,2.0,-1.0,-1.3394678790286068,-1.3369595753583343,-0.9789533214470088,-1.3557291689474258,-2.0
2,1.0,-1.0,-0.9009330690114838,-0.7200431399987224,-0.9082137355384686,-0.9370702446978239,-3.0
3,1.0,-1.0,-0.7206378779348195,-0.7128849447079411,-0.7172812230296229,-0.7605948406548375,-4.0
4,2.0,-1.0,-0.8078372880839468,-0.7830730567268948,-0.7667462184115396,-0.8043600793982452,-5.0
5,0.0,-1.0,-0.33731062091769193,0.35314151499457835,-0.3272029469588048,-0.3878524064096486,-6.0
6,1.0,-1.0,-0.5699657688600814,-0.4556040944260351,-0.5609222492796326,-0.5552752494512366,-7.0
7,1.0,1.0,-0.33731062091769193,0.35961009984463255,-0.3272029469588048,-0.3878524064096486,-6.0
