,ACTION,REWARD,A0,A1,A2,A3,V
0,2.0,-1.0,-1.774331355536288,-1.7639143667776132,-1.4068890734562898,-1.7758020883625831,-1.0
1,0.0,-1.0,-1.3282468904697489,-1.3351040634556004,-1.0044890424083073,-1.3466243423127893,-2.0
2,2.0,-1.0,-1.3282468904697489,-1.3351040634556004,-1.0008791367326104,-1.3466243423127893,-3.0
3,3.0,-1.0,-0.8933648260512971,-0.7149983053762341,-0.9082137355384686,-0.9274737370197443,-4.0
4,1.0,-1.0,-1.3282468904697489,-1.341080110636471,-1.0008791367326104,-1.3466243423127893,-5.0
5,2.0,-1.0,-1.062024665589153,-1.0608939700792492,-1.0322517586920137,-1.0666399729356568,-6.0
6,1.0,-1.0,-0.7206378779348195,-0.7069304194710678,-0.7172812230296229,-0.7369770586862442,-7.0
7,2.0,-1.0,-0.7908749977333706,-0.7830730567268948,-0.7775481650005195,-0.7952076203043836,-8.0
8,1.0,1.0,-0.3264039112294318,0.2740149777029709,-0.3272029469588048,-0.36123204626428546,-7.0
