,ACTION,REWARD,A0,A1,A2,A3,V
0,2.0,-1.0,-1.7902106009987284,-1.7685955704595335,-1.206833690891705,-1.784892951880536,-1.0
1,2.0,-1.0,-1.3394678790286068,-1.3485690347841814,-0.8992305855711804,-1.3557291689474258,-2.0
2,2.0,-1.0,-0.9082834726120514,-0.7066006504471046,-0.9126883303482374,-0.9370702446978239,-3.0
3,1.0,-1.0,-0.7290756370369198,-0.7015004800048639,-0.7330310832005971,-0.7272872647893822,-4.0
4,0.0,-1.0,-0.5805796154915244,-0.42950208330313694,-0.5609222492796326,-0.5552752494512366,-5.0
5,1.0,-1.0,-0.7290756370369198,-0.6983509939545435,-0.7330310832005971,-0.7272872647893822,-6.0
6,1.0,-1.0,-0.5805796154915244,-0.42044083976794533,-0.5609222492796326,-0.5552752494512366,-7.0
7,1.0,1.0,-0.33731062091769193,0.5342844972376274,-0.32911247317240283,-0.4008488890586561,-6.0
