,ACTION,REWARD,A0,A1,A2,A3,V
0,2.0,-1.0,-1.7902106009987284,-1.7685955704595335,-1.1949560508840908,-1.784892951880536,-1.0
1,2.0,-1.0,-1.3394678790286068,-1.3485690347841814,-0.8913826776011028,-1.3557291689474258,-2.0
2,1.0,-1.0,-0.9200612734375601,-0.7141999449884361,-0.9126883303482374,-0.9370702446978239,-3.0
3,1.0,-1.0,-0.7378342355301696,-0.7330273361540043,-0.7309123873801147,-0.7837161876760054,-4.0
4,2.0,-1.0,-0.8078372880839468,-0.7830730567268948,-0.7036285859740756,-0.822520675546502,-5.0
5,1.0,1.0,-0.33731062091769193,0.5481167133851726,-0.32911247317240283,-0.4008488890586561,-4.0
