,ACTION,REWARD,A0,A1,A2,A3,V
0,2.0,-1.0,-1.792688279396108,-1.7685955704595335,-1.1427081152170329,-1.784892951880536,-1.0
1,1.0,-1.0,-1.3440583728863342,-1.3598860565023312,-0.884426200297858,-1.3628217367139037,-2.0
2,2.0,-1.0,-1.062024665589153,-1.0673979425146067,-1.0191927393976745,-1.0782939205559967,-3.0
3,0.0,-1.0,-0.7759431870927262,-0.7683679851094073,-0.7700756150620747,-0.7950526190072965,-4.0
4,1.0,-1.0,-0.9200612734375601,-0.8540892071631834,-0.9126883303482374,-0.9370702446978239,-5.0
5,1.0,-1.0,-0.7759431870927262,-0.7768988328908443,-0.7700756150620747,-0.7950526190072965,-6.0
6,2.0,-1.0,-0.8078372880839468,-0.7874774495511332,-0.6882134015486544,-0.822520675546502,-7.0
7,1.0,1.0,-0.33731062091769193,0.6023101832740658,-0.3307394007384243,-0.4372803317627143,-6.0
