,ACTION,REWARD,A0,A1,A2,A3,V
0,0.0,-1.0,-1.783047801257537,-1.7685955704595335,-1.292816818932884,-1.784892951880536,-1.0
1,2.0,-1.0,-1.783047801257537,-1.7685955704595335,-1.2886105840177948,-1.784892951880536,-2.0
2,2.0,-1.0,-1.3394678790286068,-1.3485690347841814,-0.9658719268844548,-1.3557291689474258,-3.0
3,1.0,-1.0,-0.9009330690114838,-0.7169242306569685,-0.9082137355384686,-0.9370702446978239,-4.0
4,3.0,-1.0,-0.7206378779348195,-0.711654629889476,-0.7172812230296229,-0.7722310843317124,-5.0
5,2.0,-1.0,-1.062024665589153,-1.0673979425146067,-1.0230460208455676,-1.0666399729356568,-6.0
6,1.0,-1.0,-0.7206378779348195,-0.711374968631998,-0.7172812230296229,-0.7722310843317124,-7.0
7,2.0,-1.0,-0.8078372880839468,-0.7830730567268948,-0.7584835839656996,-0.8043600793982452,-8.0
8,1.0,1.0,-0.33731062091769193,0.40311476491556486,-0.3272029469588048,-0.4008488890586561,-7.0
