,ACTION,REWARD,A0,A1,A2,A3,V
0,2.0,-1.0,-1.792688279396108,-1.77321072142432,-1.112730993954127,-1.7872971901905386,-1.0
1,2.0,-1.0,-1.3485345764713232,-1.3598860565023312,-0.8758256627387395,-1.3628217367139037,-2.0
2,1.0,-1.0,-0.9281557808206423,-0.9112912373509128,-0.9269355204527394,-0.9370702446978239,-3.0
3,1.0,-1.0,-0.7963665312031717,-0.8000661202641896,-0.8008132768080732,-0.7950526190072965,-4.0
4,2.0,-1.0,-0.8078372880839468,-0.7874774495511332,-0.6783261242502254,-0.822520675546502,-5.0
5,1.0,1.0,-0.33731062091769193,0.6415089246913861,-0.3307394007384243,-0.4372803317627143,-4.0
