,ACTION,REWARD,A0,A1,A2,A3,V
0,2.0,-1.0,-1.7902106009987284,-1.7685955704595335,-1.2190407206138982,-1.784892951880536,-1.0
1,2.0,-1.0,-1.3394678790286068,-1.3485690347841814,-0.8970697602761828,-1.3557291689474258,-2.0
2,1.0,-1.0,-0.9082834726120514,-0.7078525903276192,-0.9155012064008354,-0.9370702446978239,-3.0
3,1.0,-1.0,-0.738869162633522,-0.7169792105596163,-0.7309123873801147,-0.7837161876760054,-4.0
4,2.0,-1.0,-0.8078372880839468,-0.7830730567268948,-0.7130510473176932,-0.8043600793982452,-5.0
5,2.0,-1.0,-0.33731062091769193,0.5353827018682155,-0.32911247317240283,-0.4008488890586561,-6.0
6,1.0,1.0,-0.33731062091769193,0.5200288748495333,-0.32911247317240283,-0.4008488890586561,-5.0
