,ACTION,REWARD,A0,A1,A2,A3,V
0,2.0,-1.0,-1.7792044948354961,-1.7639143667776132,-1.3171334100031293,-1.784892951880536,-1.0
1,2.0,-1.0,-1.3394678790286068,-1.3369595753583343,-0.9890390426952459,-1.3557291689474258,-2.0
2,1.0,-1.0,-0.8933648260512971,-0.7224323578555213,-0.9082137355384686,-0.9370702446978239,-3.0
3,1.0,-1.0,-0.7206378779348195,-0.7137469959157567,-0.7172812230296229,-0.7605948406548375,-4.0
4,0.0,-1.0,-0.8078372880839468,-0.7830730567268948,-0.7698542428375736,-0.8043600793982452,-5.0
5,1.0,-1.0,-0.7206378779348195,-0.7135382141421374,-0.7172812230296229,-0.7605948406548375,-6.0
6,2.0,-1.0,-0.8078372880839468,-0.7830730567268948,-0.7691556307039306,-0.8043600793982452,-7.0
7,1.0,1.0,-0.3264039112294318,0.3400076675794086,-0.3272029469588048,-0.3878524064096486,-6.0
