,ACTION,REWARD,A0,A1,A2,A3,V
0,2.0,-1.0,-1.792688279396108,-1.77321072142432,-1.1222810180040013,-1.7872971901905386,-1.0
1,0.0,-1.0,-1.3485345764713232,-1.3598860565023312,-0.879643034872487,-1.3628217367139037,-2.0
2,2.0,-1.0,-1.3485345764713232,-1.3598860565023312,-0.879050011353626,-1.3628217367139037,-3.0
3,1.0,-1.0,-0.9200612734375601,-0.9194426651716182,-0.9126883303482374,-0.9370702446978239,-4.0
4,1.0,-1.0,-0.7963665312031717,-0.7936430807708528,-0.7896168691107193,-0.7950526190072965,-5.0
5,2.0,-1.0,-0.8078372880839468,-0.7874774495511332,-0.6833506107537479,-0.822520675546502,-6.0
6,1.0,1.0,-0.33731062091769193,0.6293271026142752,-0.3307394007384243,-0.4372803317627143,-5.0
