,ACTION,REWARD,A0,A1,A2,A3,V
0,2.0,-1.0,-1.794717814677819,-1.77321072142432,-1.0967935944248028,-1.7872971901905386,-1.0
1,3.0,-1.0,-1.3485345764713232,-1.365378069106931,-0.8744635711199045,-1.3690646616965878,-2.0
2,2.0,-1.0,-1.794717814677819,-1.77321072142432,-1.093695830620634,-1.7872971901905386,-3.0
3,2.0,-1.0,-1.3485345764713232,-1.365378069106931,-0.8740970056911056,-1.3690646616965878,-4.0
4,2.0,-1.0,-0.9372276250398217,-0.9352749645801813,-0.9279302140119392,-0.9370702446978239,-5.0
5,1.0,-1.0,-0.7290756370369198,-0.7110460792339364,-0.7330310832005971,-0.7383604616422966,-6.0
6,1.0,-1.0,-0.5910589782822,-0.37529898563441416,-0.5670644739699006,-0.5552752494512366,-7.0
7,1.0,1.0,-0.3472941447770738,0.6398666342035567,-0.3307394007384243,-0.4372803317627143,-6.0
