,ACTION,REWARD,A0,A1,A2,A3,V
0,2.0,-1.0,-1.7792044948354961,-1.7639143667776132,-1.3393895584827786,-1.784892951880536,-1.0
1,0.0,-1.0,-1.3394678790286068,-1.3369595753583343,-0.9925991196571164,-1.3557291689474258,-2.0
2,2.0,-1.0,-1.3394678790286068,-1.3369595753583343,-0.989126693071847,-1.3557291689474258,-3.0
3,1.0,-1.0,-0.8933648260512971,-0.7163267552889653,-0.9082137355384686,-0.9274737370197443,-4.0
4,1.0,-1.0,-0.7206378779348195,-0.714767226005314,-0.7172812230296229,-0.7605948406548375,-5.0
5,2.0,-1.0,-0.7994076415360657,-0.7830730567268948,-0.7722789929479233,-0.7952076203043836,-6.0
6,1.0,1.0,-0.3264039112294318,0.32619651247878806,-0.3272029469588048,-0.3878524064096486,-5.0
