,ACTION,REWARD,A0,A1,A2,A3,V
0,2.0,-1.0,-1.783047801257537,-1.7685955704595335,-1.284417325519577,-1.784892951880536,-1.0
1,2.0,-1.0,-1.3394678790286068,-1.3485690347841814,-0.962665525691523,-1.3557291689474258,-2.0
2,1.0,-1.0,-0.9009330690114838,-0.7161573630680869,-0.9082137355384686,-0.9370702446978239,-3.0
3,0.0,-1.0,-0.7298769154230841,-0.711374968631998,-0.7172812230296229,-0.7722310843317124,-4.0
4,1.0,-1.0,-0.9009330690114838,-0.7153981641550939,-0.9082137355384686,-0.9370702446978239,-5.0
5,1.0,-1.0,-0.7298769154230841,-0.7110875712013693,-0.7172812230296229,-0.7722310843317124,-6.0
6,2.0,-1.0,-0.8078372880839468,-0.7830730567268948,-0.7572707152418026,-0.8043600793982452,-7.0
7,1.0,1.0,-0.33731062091769193,0.40908361726640924,-0.3272029469588048,-0.4008488890586561,-6.0
