,ACTION,REWARD,A0,A1,A2,A3,V
0,2.0,-1.0,-1.792688279396108,-1.7685955704595335,-1.1323796863232847,-1.7872971901905386,-1.0
1,2.0,-1.0,-1.3440583728863342,-1.3598860565023312,-0.8812139203105066,-1.3628217367139037,-2.0
2,1.0,-1.0,-0.9200612734375601,-0.8791128060949615,-0.9126883303482374,-0.9370702446978239,-3.0
3,0.0,-1.0,-0.7860957704766537,-0.7768988328908443,-0.7819782564738067,-0.7950526190072965,-4.0
4,1.0,-1.0,-0.9200612734375601,-0.8873137675300294,-0.9126883303482374,-0.9370702446978239,-5.0
5,1.0,-1.0,-0.7860957704766537,-0.7853237651758738,-0.7819782564738067,-0.7950526190072965,-6.0
6,2.0,-1.0,-0.8078372880839468,-0.7874774495511332,-0.6858392496375256,-0.822520675546502,-7.0
7,1.0,1.0,-0.33731062091769193,0.6141219685206428,-0.3307394007384243,-0.4372803317627143,-6.0
