,ACTION,REWARD,A0,A1,A2,A3,V
0,2.0,-1.0,-1.7902106009987284,-1.7685955704595335,-1.153309378596329,-1.784892951880536,-1.0
1,0.0,-1.0,-1.3440583728863342,-1.3485690347841814,-0.8872414053348393,-1.3628217367139037,-2.0
2,2.0,-1.0,-1.3440583728863342,-1.3485690347841814,-0.88574921233191,-1.3628217367139037,-3.0
3,1.0,-1.0,-0.9200612734375601,-0.8286291771562763,-0.9126883303482374,-0.9370702446978239,-4.0
4,0.0,-1.0,-0.7659924397144416,-0.7597097167236113,-0.7579521087001946,-0.7950526190072965,-5.0
5,1.0,-1.0,-0.9200612734375601,-0.8371644543630152,-0.9126883303482374,-0.9370702446978239,-6.0
6,2.0,-1.0,-0.7659924397144416,-0.7597097167236113,-0.7640413851214061,-0.7950526190072965,-7.0
7,1.0,-1.0,-0.5910589782822,-0.4082937546536234,-0.5670644739699006,-0.5552752494512366,-8.0
8,1.0,1.0,-0.33731062091769193,0.5901368374841836,-0.3307394007384243,-0.4252983039889381,-7.0
