,ACTION,REWARD,A0,A1,A2,A3,V
0,0.0,-1.0,-1.794717814677819,-1.77321072142432,-1.1062686750746695,-1.7872971901905386,-1.0
1,2.0,-1.0,-1.794717814677819,-1.77321072142432,-1.1030797171338549,-1.7872971901905386,-2.0
2,1.0,-1.0,-1.3485345764713232,-1.365378069106931,-0.8748587566591098,-1.3628217367139037,-3.0
3,2.0,-1.0,-1.062024665589153,-1.0673979425146067,-1.007251451888258,-1.0782939205559967,-4.0
4,2.0,-1.0,-0.8066768700780762,-0.8081703941797996,-0.8014567864360246,-0.807401661735078,-5.0
5,1.0,-1.0,-0.5910589782822,-0.37420784231843385,-0.5670644739699006,-0.5552752494512366,-6.0
6,1.0,1.0,-0.3472941447770738,0.6325544681191273,-0.3307394007384243,-0.4372803317627143,-5.0
