,ACTION,REWARD,A0,A1,A2,A3,V
0,0.0,-1.0,-1.7792044948354961,-1.7639143667776132,-1.4018280949523203,-1.7758020883625831,-1.0
1,2.0,-1.0,-1.7792044948354961,-1.7639143667776132,-1.39678556197382,-1.7758020883625831,-2.0
2,3.0,-1.0,-1.3282468904697489,-1.341080110636471,-0.9973053301136704,-1.3557291689474258,-3.0
3,2.0,-1.0,-1.7792044948354961,-1.7639143667776132,-1.391793454325105,-1.7758020883625831,-4.0
4,2.0,-1.0,-1.3282468904697489,-1.341080110636471,-0.993760173077413,-1.3557291689474258,-5.0
5,1.0,-1.0,-0.8933648260512971,-0.7134303205755865,-0.9082137355384686,-0.9274737370197443,-6.0
6,1.0,-1.0,-0.7206378779348195,-0.7167862172107089,-0.7172812230296229,-0.7369770586862442,-7.0
7,2.0,-1.0,-0.7908749977333706,-0.7830730567268948,-0.7770020096143422,-0.7952076203043836,-8.0
8,1.0,1.0,-0.3264039112294318,0.26846207964668173,-0.3272029469588048,-0.36123204626428546,-7.0
