,ACTION,REWARD,A0,A1,A2,A3,V
0,2.0,-1.0,-1.7792044948354961,-1.7639143667776132,-1.33041996640669,-1.784892951880536,-1.0
1,2.0,-1.0,-1.3394678790286068,-1.3369595753583343,-0.9822659108042731,-1.3557291689474258,-2.0
2,1.0,-1.0,-0.8933648260512971,-0.7248715594245583,-0.9082137355384686,-0.9274737370197443,-3.0
3,1.0,-1.0,-0.7206378779348195,-0.7143689479446294,-0.7172812230296229,-0.7605948406548375,-4.0
4,2.0,-1.0,-0.7994076415360657,-0.7830730567268948,-0.7710878191358876,-0.8043600793982452,-5.0
5,1.0,1.0,-0.3264039112294318,0.3198052018804602,-0.3272029469588048,-0.3878524064096486,-4.0
