,ACTION,REWARD,A0,A1,A2,A3,V
0,2.0,-1.0,-1.7902106009987284,-1.7685955704595335,-1.2279422083160694,-1.784892951880536,-1.0
1,2.0,-1.0,-1.3394678790286068,-1.3485690347841814,-0.9293137493207995,-1.3557291689474258,-2.0
2,2.0,-1.0,-0.9009330690114838,-0.7066371434091548,-0.9155012064008354,-0.9370702446978239,-3.0
3,1.0,-1.0,-0.7290756370369198,-0.7046817790455916,-0.7330310832005971,-0.7272872647893822,-4.0
4,1.0,-1.0,-0.5699657688600814,-0.4384031341605838,-0.5609222492796326,-0.5552752494512366,-5.0
5,1.0,1.0,-0.33731062091769193,0.486643866803602,-0.3272029469588048,-0.4008488890586561,-4.0
