,ACTION,REWARD,A0,A1,A2,A3,V
0,2.0,-1.0,-1.7902106009987284,-1.7685955704595335,-1.1758987193585526,-1.784892951880536,-1.0
1,2.0,-1.0,-1.3394678790286068,-1.3485690347841814,-0.9021038800672235,-1.3628217367139037,-2.0
2,1.0,-1.0,-0.9200612734375601,-0.7596333903067438,-0.9126883303482374,-0.9370702446978239,-3.0
3,2.0,-1.0,-0.7560957344646819,-0.7420297200662309,-0.7301868879353259,-0.7837161876760054,-4.0
4,2.0,-1.0,-0.5805796154915244,-0.41221662722403946,-0.5690229764318526,-0.5552752494512366,-5.0
5,1.0,-1.0,-0.5805796154915244,-0.41304061806187076,-0.5690229764318526,-0.5552752494512366,-6.0
6,1.0,1.0,-0.33731062091769193,0.5659227178921105,-0.32911247317240283,-0.4008488890586561,-5.0
