,ACTION,REWARD,A0,A1,A2,A3,V
0,2.0,-1.0,-1.7792044948354961,-1.7639143667776132,-1.3215073022020423,-1.784892951880536,-1.0
1,2.0,-1.0,-1.3394678790286068,-1.3369595753583343,-0.9856938942529971,-1.3557291689474258,-2.0
2,3.0,-1.0,-0.8933648260512971,-0.7240521643618144,-0.9082137355384686,-0.9370702446978239,-3.0
3,2.0,-1.0,-1.3394678790286068,-1.3369595753583343,-0.9823534247897235,-1.3557291689474258,-4.0
4,1.0,-1.0,-0.8933648260512971,-0.723239128157733,-0.9082137355384686,-0.9370702446978239,-5.0
5,1.0,-1.0,-0.7206378779348195,-0.7139578865961804,-0.7172812230296229,-0.7605948406548375,-6.0
6,2.0,-1.0,-0.7994076415360657,-0.7830730567268948,-0.7698542428375736,-0.8043600793982452,-7.0
7,1.0,1.0,-0.3264039112294318,0.333341078363039,-0.3272029469588048,-0.3878524064096486,-6.0
