,ACTION,REWARD,A0,A1,A2,A3,V
0,2.0,-1.0,-1.7792044948354961,-1.7639143667776132,-1.3012678093271863,-1.784892951880536,-1.0
1,1.0,-1.0,-1.3394678790286068,-1.3485690347841814,-0.9756441764925272,-1.3557291689474258,-2.0
2,2.0,-1.0,-1.062024665589153,-1.0673979425146067,-1.026910231491477,-1.0666399729356568,-3.0
3,1.0,-1.0,-0.7206378779348195,-0.71218260271741,-0.7172812230296229,-0.7605948406548375,-4.0
4,2.0,-1.0,-0.8078372880839468,-0.7830730567268948,-0.7638896347893398,-0.8043600793982452,-5.0
5,3.0,-1.0,-0.33731062091769193,0.3723538588577244,-0.3272029469588048,-0.4008488890586561,-6.0
6,2.0,-1.0,-0.8078372880839468,-0.7830730567268948,-0.7628995537117269,-0.8043600793982452,-7.0
7,1.0,1.0,-0.33731062091769193,0.3786303202691471,-0.3272029469588048,-0.4008488890586561,-6.0
