,ACTION,REWARD,A0,A1,A2,A3,V
0,2.0,-1.0,-1.7902106009987284,-1.7685955704595335,-1.2028584292529285,-1.784892951880536,-1.0
1,2.0,-1.0,-1.3394678790286068,-1.3485690347841814,-0.8965976855694926,-1.3557291689474258,-2.0
2,1.0,-1.0,-0.9082834726120514,-0.7059738358869779,-0.9126883303482374,-0.9370702446978239,-3.0
3,0.0,-1.0,-0.7378342355301696,-0.7154657715938184,-0.7309123873801147,-0.7837161876760054,-4.0
4,1.0,-1.0,-0.9082834726120514,-0.7053532894724526,-0.9126883303482374,-0.9370702446978239,-5.0
5,1.0,-1.0,-0.7378342355301696,-0.7146957536302165,-0.7309123873801147,-0.7837161876760054,-6.0
6,2.0,-1.0,-0.8078372880839468,-0.7830730567268948,-0.7075018122818513,-0.8043600793982452,-7.0
7,1.0,1.0,-0.33731062091769193,0.5389416522652511,-0.32911247317240283,-0.4008488890586561,-6.0
