,ACTION,REWARD,A0,A1,A2,A3,V
0,2.0,-1.0,-1.792688279396108,-1.7685955704595335,-1.1256204350405545,-1.7872971901905386,-1.0
1,2.0,-1.0,-1.3440583728863342,-1.3598860565023312,-0.879643034872487,-1.3628217367139037,-2.0
2,1.0,-1.0,-0.9200612734375601,-0.9035242701427264,-0.9126883303482374,-0.9370702446978239,-3.0
3,0.0,-1.0,-0.7963665312031717,-0.7853237651758738,-0.7778467023736498,-0.7950526190072965,-4.0
4,1.0,-1.0,-0.9200612734375601,-0.911489647762662,-0.9126883303482374,-0.9370702446978239,-5.0
5,2.0,-1.0,-0.7963665312031717,-0.7853237651758738,-0.7837598376503986,-0.7950526190072965,-6.0
6,1.0,-1.0,-0.5910589782822,-0.4105144263138561,-0.5670644739699006,-0.5552752494512366,-7.0
7,1.0,1.0,-0.33731062091769193,0.6218009413470821,-0.3307394007384243,-0.4372803317627143,-6.0
