,ACTION,REWARD,A0,A1,A2,A3,V
0,3.0,-1.0,-1.7792044948354961,-1.7639143667776132,-1.3671946808095026,-1.784892951880536,-1.0
1,2.0,-1.0,-1.7792044948354961,-1.7639143667776132,-1.3624315315794802,-1.784892951880536,-2.0
2,0.0,-1.0,-1.333873219143124,-1.3369595753583343,-0.9898663975636205,-1.3557291689474258,-3.0
3,2.0,-1.0,-1.333873219143124,-1.3369595753583343,-0.9963642917707938,-1.3557291689474258,-4.0
4,1.0,-1.0,-0.8933648260512971,-0.720064447037602,-0.9082137355384686,-0.9274737370197443,-5.0
5,1.0,-1.0,-0.7206378779348195,-0.7157104200032055,-0.7172812230296229,-0.7488626534035413,-6.0
6,2.0,-1.0,-0.7908749977333706,-0.7830730567268948,-0.7747195323068112,-0.7952076203043836,-7.0
7,1.0,1.0,-0.3264039112294318,0.2914715694532611,-0.3272029469588048,-0.3878524064096486,-6.0
