,ACTION,REWARD,A0,A1,A2,A3,V
0,2.0,-1.0,-1.7792044948354961,-1.7639143667776132,-1.3531326810006141,-1.784892951880536,-1.0
1,2.0,-1.0,-1.333873219143124,-1.3369595753583343,-0.9894261633547853,-1.3557291689474258,-2.0
2,1.0,-1.0,-0.8933648260512971,-0.7185518765081276,-0.9082137355384686,-0.9274737370197443,-3.0
3,1.0,-1.0,-0.7206378779348195,-0.7153396755137233,-0.7172812230296229,-0.7605948406548375,-4.0
4,2.0,-1.0,-0.7994076415360657,-0.7830730567268948,-0.7739185902462486,-0.7952076203043836,-5.0
5,1.0,1.0,-0.3264039112294318,0.3055712852211412,-0.3272029469588048,-0.3878524064096486,-4.0
