,ACTION,REWARD,A0,A1,A2,A3,V
0,2.0,-1.0,-1.7792044948354961,-1.7685955704595335,-1.292816818932884,-1.784892951880536,-1.0
1,2.0,-1.0,-1.3394678790286068,-1.3485690347841814,-0.96910369713776,-1.3557291689474258,-2.0
2,1.0,-1.0,-0.9009330690114838,-0.7176963020080437,-0.9082137355384686,-0.9370702446978239,-3.0
3,1.0,-1.0,-0.7206378779348195,-0.711654629889476,-0.7172812230296229,-0.7605948406548375,-4.0
4,2.0,-1.0,-0.8078372880839468,-0.7830730567268948,-0.7596538934907485,-0.8043600793982452,-5.0
5,1.0,1.0,-0.33731062091769193,0.3970856211268332,-0.3272029469588048,-0.4008488890586561,-4.0
