,ACTION,REWARD,A0,A1,A2,A3,V
0,2.0,-1.0,-1.7792044948354961,-1.7639143667776132,-1.3055424360997512,-1.784892951880536,-1.0
1,2.0,-1.0,-1.3394678790286068,-1.3428107933900826,-0.9756441764925272,-1.3557291689474258,-2.0
2,1.0,-1.0,-0.9009330690114838,-0.7192566198997743,-0.9082137355384686,-0.9370702446978239,-3.0
3,1.0,-1.0,-0.7206378779348195,-0.7124228235022593,-0.7172812230296229,-0.7605948406548375,-4.0
4,2.0,-1.0,-0.8078372880839468,-0.7830730567268948,-0.7648897166859185,-0.8043600793982452,-5.0
5,1.0,1.0,-0.33731062091769193,0.3723538588577244,-0.3272029469588048,-0.3878524064096486,-4.0
