,ACTION,REWARD,A0,A1,A2,A3,V
0,2.0,-1.0,-1.7902106009987284,-1.7685955704595335,-1.1568931373215308,-1.784892951880536,-1.0
1,2.0,-1.0,-1.3394678790286068,-1.3485690347841814,-0.8872414053348393,-1.3628217367139037,-2.0
2,1.0,-1.0,-0.9200612734375601,-0.8200245611576709,-0.9126883303482374,-0.9370702446978239,-3.0
3,1.0,-1.0,-0.7560957344646819,-0.7597097167236113,-0.7579521087001946,-0.7950526190072965,-4.0
4,2.0,-1.0,-0.8078372880839468,-0.7874774495511332,-0.6972494460599843,-0.822520675546502,-5.0
5,3.0,-1.0,-0.33731062091769193,0.5818149550904842,-0.3307394007384243,-0.4252983039889381,-6.0
6,2.0,-1.0,-0.8078372880839468,-0.7874774495511332,-0.6950406170035701,-0.822520675546502,-7.0
7,1.0,1.0,-0.33731062091769193,0.5859968055395793,-0.3307394007384243,-0.4252983039889381,-6.0
