,ACTION,REWARD,A0,A1,A2,A3,V
0,2.0,-1.0,-1.792688279396108,-1.77321072142432,-1.118969657926144,-1.7872971901905386,-1.0
1,2.0,-1.0,-1.3485345764713232,-1.3598860565023312,-0.878473706213224,-1.3628217367139037,-2.0
2,0.0,-1.0,-0.9190748556763186,-0.9194426651716182,-0.9126883303482374,-0.9370702446978239,-3.0
3,2.0,-1.0,-0.9190748556763186,-0.9194426651716182,-0.919817210690953,-0.9370702446978239,-4.0
4,1.0,-1.0,-0.7290756370369198,-0.7018313187439867,-0.7330310832005971,-0.7272872647893822,-5.0
5,1.0,-1.0,-0.5910589782822,-0.4010409989192794,-0.5670644739699006,-0.5552752494512366,-6.0
6,1.0,1.0,-0.33731062091769193,0.6230338315881324,-0.3307394007384243,-0.4372803317627143,-5.0
