,ACTION,REWARD,A0,A1,A2,A3,V
0,2.0,-1.0,-1.7902106009987284,-1.7685955704595335,-1.2301237669920924,-1.784892951880536,-1.0
1,2.0,-1.0,-1.3394678790286068,-1.3485690347841814,-0.9234706875335078,-1.3557291689474258,-2.0
2,1.0,-1.0,-0.9082834726120514,-0.7053966923291112,-0.9155012064008354,-0.9370702446978239,-3.0
3,1.0,-1.0,-0.7298769154230841,-0.7151209484101453,-0.724208847649161,-0.7722310843317124,-4.0
4,2.0,-1.0,-0.8078372880839468,-0.7830730567268948,-0.7357316566189028,-0.8043600793982452,-5.0
5,1.0,1.0,-0.33731062091769193,0.4968596538542103,-0.3272029469588048,-0.4008488890586561,-4.0
