,ACTION,REWARD,A0,A1,A2,A3,V
0,0.0,-1.0,-1.7902106009987284,-1.7685955704595335,-1.2556991795374548,-1.784892951880536,-1.0
1,2.0,-1.0,-1.7902106009987284,-1.7685955704595335,-1.2516973415256538,-1.784892951880536,-2.0
2,2.0,-1.0,-1.3394678790286068,-1.3485690347841814,-0.9474605522531762,-1.3557291689474258,-3.0
3,1.0,-1.0,-0.9009330690114838,-0.7097708229687155,-0.9082137355384686,-0.9370702446978239,-4.0
4,1.0,-1.0,-0.7298769154230841,-0.7185352103689224,-0.724208847649161,-0.7722310843317124,-5.0
5,2.0,-1.0,-0.8078372880839468,-0.7830730567268948,-0.7474681476858488,-0.8043600793982452,-6.0
6,1.0,1.0,-0.33731062091769193,0.45473504298204087,-0.3272029469588048,-0.4008488890586561,-5.0
