,ACTION,REWARD,A0,A1,A2,A3,V
0,1.0,-1.0,-1.7792044948354961,-1.7685955704595335,-1.2970359288223472,-1.784892951880536,-1.0
1,1.0,-1.0,-1.3782824174157773,-1.3767167109121847,-1.3712951674178855,-1.368927483299615,-2.0
2,2.0,-1.0,-0.9228727546414972,-0.907172700607966,-0.8888757047394751,-0.9073914538333656,-3.0
3,2.0,-1.0,-0.8054904595318156,-0.8005269551114395,-0.7974216656277876,-0.8008884775747152,-4.0
4,2.0,-1.0,-0.8078372880839468,-0.7830730567268948,-0.7607806602856673,-0.8043600793982452,-5.0
5,1.0,1.0,-0.33731062091769193,0.3909955768957911,-0.3272029469588048,-0.4008488890586561,-4.0
