,ACTION,REWARD,A0,A1,A2,A3,V
0,2.0,-1.0,-1.7792044948354961,-1.7639143667776132,-1.309830157784574,-1.784892951880536,-1.0
1,1.0,-1.0,-1.3394678790286068,-1.3428107933900826,-0.9789533214470088,-1.3557291689474258,-2.0
2,2.0,-1.0,-1.062024665589153,-1.0673979425146067,-1.0207054808888452,-1.0666399729356568,-3.0
3,1.0,-1.0,-0.7206378779348195,-0.7126568112265655,-0.7172812230296229,-0.7605948406548375,-4.0
4,2.0,-1.0,-0.8078372880839468,-0.7830730567268948,-0.7658422653288225,-0.8043600793982452,-5.0
5,1.0,1.0,-0.33731062091769193,0.36601399884618624,-0.3272029469588048,-0.3878524064096486,-4.0
