,ACTION,REWARD,A0,A1,A2,A3,V
0,2.0,-1.0,-1.8028352004432044,-1.7671075385307589,-1.599203346113987,-1.7872971901905386,-1.0
1,2.0,-1.0,-1.4082486600669681,-1.4052728539662602,-1.4127355924137028,-1.4125840882355973,-2.0
2,1.0,-1.0,-1.1099153165587203,-1.0915446850271913,-1.1083977327596795,-1.1116189366494327,-3.0
3,1.0,-1.0,-0.873361315896844,-0.8280915707865272,-0.8665690483676056,-0.8734472627639406,-4.0
4,2.0,-1.0,-0.8173724933017763,-0.7915041040472781,-0.5860508503536231,-0.822520675546502,-5.0
5,2.0,-1.0,-0.3565113877791606,0.7565314790016473,-0.33106997782150266,-0.46012572537952495,-6.0
6,1.0,1.0,-0.3565113877791606,0.7389661642116309,-0.33106997782150266,-0.46012572537952495,-5.0
