,ACTION,REWARD,A0,A1,A2,A3,V
0,2.0,-1.0,-1.8028352004432044,-1.762371856220824,-1.4739269875394987,-1.7872971901905386,-1.0
1,2.0,-1.0,-1.3824217694925591,-1.371884232458642,-1.3645762532638948,-1.4125840882355973,-2.0
2,1.0,-1.0,-1.101016332891612,-1.1051077623351748,-1.1020318189525637,-1.10028428202627,-3.0
3,1.0,-1.0,-0.8620357030664924,-0.8638166471394085,-0.8627659862614415,-0.8734472627639406,-4.0
4,2.0,-1.0,-0.8078372880839468,-0.7874774495511332,-0.6340688153289682,-0.822520675546502,-5.0
5,1.0,1.0,-0.3565113877791606,0.7330619324340287,-0.33119066781062373,-0.44898945198925666,-4.0
