,ACTION,REWARD,A0,A1,A2,A3,V
0,2.0,-1.0,-1.8028352004432044,-1.7671075385307589,-1.634303707299043,-1.7872971901905386,-1.0
1,1.0,-1.0,-1.4253092701035859,-1.4279758740107595,-1.426671292714611,-1.4229705171206033,-2.0
2,2.0,-1.0,-1.1006486794727772,-1.095906672583819,-1.1017106253172608,-1.1014004444335068,-3.0
3,1.0,-1.0,-0.873361315896844,-0.8071416439884368,-0.8665690483676056,-0.8845193197909381,-4.0
4,2.0,-1.0,-0.8173724933017763,-0.7915041040472781,-0.5672047510680399,-0.822520675546502,-5.0
5,1.0,1.0,-0.3565113877791606,0.7404911060019735,-0.33106997782150266,-0.46012572537952495,-4.0
