,ACTION,REWARD,A0,A1,A2,A3,V
0,2.0,-1.0,-1.7983917931298379,-1.7677392644246561,-1.182153235633155,-1.7872971901905386,-1.0
1,2.0,-1.0,-1.3528953466720492,-1.3607638168518874,-1.0347615526278289,-1.3811129312042676,-2.0
2,2.0,-1.0,-0.9734243741474394,-0.9717447439160857,-0.9705061929965714,-0.9722842910667385,-3.0
3,3.0,-1.0,-0.7646206908526942,-0.7576402156845442,-0.7608041983112138,-0.7725595214831844,-4.0
4,2.0,-1.0,-0.9734243741474394,-0.9717447439160857,-0.9776198930077665,-0.9722842910667385,-5.0
5,1.0,-1.0,-0.7646206908526942,-0.7530861410076527,-0.7608041983112138,-0.7725595214831844,-6.0
6,1.0,-1.0,-0.5910589782822,-0.3363416797855821,-0.5822075841880089,-0.5552752494512366,-7.0
7,1.0,1.0,-0.3472941447770738,0.6825777310280334,-0.3307394007384243,-0.44898945198925666,-6.0
