,ACTION,REWARD,A0,A1,A2,A3,V
0,2.0,-1.0,-1.8028352004432044,-1.7671075385307589,-1.5924806974023138,-1.7872971901905386,-1.0
1,0.0,-1.0,-1.4082486600669681,-1.4052728539662602,-1.4010742660123705,-1.4125840882355973,-2.0
2,2.0,-1.0,-1.4082486600669681,-1.4052728539662602,-1.4069499579012987,-1.4125840882355973,-3.0
3,1.0,-1.0,-1.1099153165587203,-1.0950148990463444,-1.1083977327596795,-1.1116189366494327,-4.0
4,1.0,-1.0,-0.873361315896844,-0.8311038857011327,-0.8665690483676056,-0.8734472627639406,-5.0
5,2.0,-1.0,-0.8173724933017763,-0.7915041040472781,-0.5887471047117555,-0.822520675546502,-6.0
6,1.0,1.0,-0.3565113877791606,0.7565314790016473,-0.33119066781062373,-0.46012572537952495,-5.0
