,ACTION,REWARD,A0,A1,A2,A3,V
0,2.0,-1.0,-1.8028352004432044,-1.7671075385307589,-1.618410471720776,-1.7872971901905386,-1.0
1,0.0,-1.0,-1.4253092701035859,-1.4223409234928106,-1.404140312305986,-1.4229705171206033,-2.0
2,2.0,-1.0,-1.4253092701035859,-1.4223409234928106,-1.4098600682458646,-1.4229705171206033,-3.0
3,1.0,-1.0,-1.1099153165587203,-1.0810993622533451,-1.1083977327596795,-1.1116189366494327,-4.0
4,3.0,-1.0,-0.873361315896844,-0.819096147790125,-0.8665690483676056,-0.8845193197909381,-5.0
5,1.0,-1.0,-1.1006486794727772,-1.095906672583819,-1.0953733058752344,-1.1014004444335068,-6.0
6,2.0,-1.0,-0.8170119198386524,-0.8146769568993094,-0.7959350715397401,-0.820755704100323,-7.0
7,2.0,-1.0,-0.8173724933017763,-0.7915041040472781,-0.5765458728207358,-0.822520675546502,-8.0
8,1.0,1.0,-0.3565113877791606,0.7298459588666973,-0.33106997782150266,-0.46012572537952495,-7.0
