,ACTION,REWARD,A0,A1,A2,A3,V
0,2.0,-1.0,-1.7983917931298379,-1.762371856220824,-1.2198293745783733,-1.7872971901905386,-1.0
1,2.0,-1.0,-1.3528953466720492,-1.3607638168518874,-1.084180934052175,-1.3882122062168627,-2.0
2,0.0,-1.0,-0.9814684988235186,-0.9867775696274612,-0.9846214693467578,-0.9918894068867148,-3.0
3,0.0,-1.0,-0.9904870303246951,-0.9867775696274612,-0.9846214693467578,-0.9918894068867148,-4.0
4,2.0,-1.0,-0.9904870303246951,-0.9867775696274612,-0.9916025358098045,-0.9918894068867148,-5.0
5,1.0,-1.0,-0.7646206908526942,-0.7640365817232883,-0.7608041983112138,-0.7725595214831844,-6.0
6,1.0,-1.0,-0.5910589782822,-0.33778304633047124,-0.5822075841880089,-0.5552752494512366,-7.0
7,1.0,1.0,-0.3472941447770738,0.6852844349403822,-0.3307394007384243,-0.44898945198925666,-6.0
