,ACTION,REWARD,A0,A1,A2,A3,V
0,2.0,-1.0,-1.8028352004432044,-1.7671075385307589,-1.6058587683385435,-1.7872971901905386,-1.0
1,1.0,-1.0,-1.4082486600669681,-1.411019402533308,-1.4127355924137028,-1.4125840882355973,-2.0
2,2.0,-1.0,-1.0888222819606606,-1.0896144060707764,-1.0953733058752344,-1.0899014317486464,-3.0
3,1.0,-1.0,-0.873361315896844,-0.8250851127318445,-0.8665690483676056,-0.8734472627639406,-4.0
4,2.0,-1.0,-0.8173724933017763,-0.7915041040472781,-0.5835396463721823,-0.822520675546502,-5.0
5,1.0,1.0,-0.3565113877791606,0.7215765025695146,-0.33106997782150266,-0.46012572537952495,-4.0
