,ACTION,REWARD,A0,A1,A2,A3,V
0,2.0,-1.0,-1.8028352004432044,-1.762371856220824,-1.5110318511088947,-1.7872971901905386,-1.0
1,1.0,-1.0,-1.3824217694925591,-1.371298564658397,-1.3770338657728218,-1.4125840882355973,-2.0
2,1.0,-1.0,-1.0736764454173604,-1.073739259462044,-1.0711584605646334,-1.0782939205559967,-3.0
3,1.0,-1.0,-0.8170119198386524,-0.8146769568993094,-0.8118887079583257,-0.820755704100323,-4.0
4,2.0,-1.0,-0.5775303271893847,-0.5789111099558577,-0.5637173190461207,-0.5745250906042391,-5.0
5,2.0,1.0,-0.40324267286598736,-0.39570816453140456,-0.21126988796180274,-0.4007377950987094,-4.0
