,ACTION,REWARD,A0,A1,A2,A3,V
0,1.0,-1.0,-0.7653557901102083,-0.7648145774457684,-0.7622391786892375,-0.7645438476837639,-1.0
1,2.0,-1.0,-0.5817779210619772,-0.5804894689342176,-0.5883348395879124,-0.5800102262111952,-2.0
2,2.0,-1.0,-0.48054324741481796,-0.4777310383004291,-0.4689852275908565,-0.4739791413868849,-3.0
3,3.0,-1.0,-0.36123244218258027,-0.36423001899659146,-0.3642318725961418,-0.3697813351660263,-4.0
4,2.0,-1.0,-0.48054324741481796,-0.4777310383004291,-0.47754646729459116,-0.4739791413868849,-5.0
5,1.0,-1.0,-0.36123244218258027,-0.3727043651915982,-0.3642318725961418,-0.3697813351660263,-6.0
6,1.0,-1.0,-0.24127938875139107,-0.24261487025598652,-0.23647430963616065,-0.24375661511985788,-7.0
7,2.0,1.0,-0.1538072576679418,-0.1382342385684622,0.03378553001078989,-0.13600405383177722,-6.0
