,ACTION,REWARD,A0,A1,A2,A3,V
0,2.0,-1.0,-1.8028352004432044,-1.762371856220824,-1.4056493933009606,-1.7872971901905386,-1.0
1,2.0,-1.0,-1.3824217694925591,-1.371884232458642,-1.292886050713368,-1.4035584573955637,-2.0
2,0.0,-1.0,-1.0831916329659108,-1.0808573760578943,-1.0758512268888787,-1.0770230262342202,-3.0
3,2.0,-1.0,-1.0831916329659108,-1.0808573760578943,-1.0825045267432791,-1.0770230262342202,-4.0
4,1.0,-1.0,-0.8382456512404981,-0.8178561076452512,-0.838673680297204,-0.8506091755604672,-5.0
5,1.0,-1.0,-0.6019956262841789,-0.2748750312239405,-0.595854837823865,-0.5552752494512366,-6.0
6,1.0,1.0,-0.3565113877791606,0.7107129749128858,-0.33119066781062373,-0.44898945198925666,-5.0
