,ACTION,REWARD,A0,A1,A2,A3,V
0,2.0,-1.0,-1.7983917931298379,-1.762371856220824,-1.3123418404011016,-1.7872971901905386,-1.0
1,2.0,-1.0,-1.3596599840050294,-1.371884232458642,-1.1812048589871607,-1.4035584573955637,-2.0
2,1.0,-1.0,-1.020556683247132,-1.023820844327345,-1.0204392628346979,-1.022519880898475,-3.0
3,0.0,-1.0,-0.840121243034079,-0.8447664493548375,-0.8402471448967234,-0.8511634414845761,-4.0
4,2.0,-1.0,-1.020556683247132,-1.023820844327345,-1.0273655623932492,-1.022519880898475,-5.0
5,0.0,-1.0,-0.8015068327457103,-0.7947874807589903,-0.7976632784681116,-0.7950137753852946,-6.0
6,1.0,-1.0,-0.8015068327457103,-0.7995774586914786,-0.7976632784681116,-0.7950137753852946,-7.0
7,1.0,-1.0,-0.6019956262841789,-0.29473505380749443,-0.5822075841880089,-0.5552752494512366,-8.0
8,1.0,1.0,-0.3472941447770738,0.7171622361210395,-0.33119066781062373,-0.44898945198925666,-7.0
