,ACTION,REWARD,A0,A1,A2,A3,V
0,2.0,-1.0,-1.7983917931298379,-1.762371856220824,-1.3048259455074471,-1.7872971901905386,-1.0
1,2.0,-1.0,-1.3596599840050294,-1.371884232458642,-1.1663371199737451,-1.4035584573955637,-2.0
2,0.0,-1.0,-1.020556683247132,-1.0164311807744664,-1.0134643180609164,-1.01214428971587,-3.0
3,3.0,-1.0,-1.020556683247132,-1.0164311807744664,-1.0134643180609164,-1.022519880898475,-4.0
4,2.0,-1.0,-1.3596599840050294,-1.371884232458642,-1.173794927636556,-1.4035584573955637,-5.0
5,2.0,-1.0,-1.020556683247132,-1.0164311807744664,-1.0204392628346979,-1.022519880898475,-6.0
6,1.0,-1.0,-0.7922991318775879,-0.7947874807589903,-0.7976632784681116,-0.7950137753852946,-7.0
7,1.0,-1.0,-0.6019956262841789,-0.3042058600086816,-0.5822075841880089,-0.5552752494512366,-8.0
8,1.0,1.0,-0.3472941447770738,0.714305289011151,-0.33119066781062373,-0.44898945198925666,-7.0
