,ACTION,REWARD,A0,A1,A2,A3,V
0,2.0,-1.0,-1.7983917931298379,-1.77321072142432,-1.115684834317964,-1.7872971901905386,-1.0
1,2.0,-1.0,-1.3528953466720492,-1.365378069106931,-0.938116274434063,-1.3811129312042676,-2.0
2,2.0,-1.0,-0.9553441070173672,-0.9486856709856573,-0.9529021477129658,-0.9544529278193593,-3.0
3,2.0,-1.0,-0.7461437160270208,-0.7437542280959252,-0.7515557540652791,-0.7493190562048282,-4.0
4,0.0,-1.0,-0.7553760669196139,-0.7437542280959252,-0.7515557540652791,-0.7493190562048282,-5.0
5,1.0,-1.0,-0.7553760669196139,-0.7494694084114838,-0.7515557540652791,-0.7493190562048282,-6.0
6,1.0,-1.0,-0.5910589782822,-0.3509902354896074,-0.5747799722417906,-0.5552752494512366,-7.0
7,1.0,1.0,-0.3472941447770738,0.6490175140093568,-0.3307394007384243,-0.44898945198925666,-6.0
