,ACTION,REWARD,A0,A1,A2,A3,V
0,2.0,-1.0,-1.7966138990066267,-1.77321072142432,-1.0786127151113434,-1.7872971901905386,-1.0
1,3.0,-1.0,-1.3485345764713232,-1.365378069106931,-0.8724104011373595,-1.375081529515624,-2.0
2,2.0,-1.0,-1.7966138990066267,-1.77321072142432,-1.0856782815704662,-1.7872971901905386,-3.0
3,2.0,-1.0,-1.3485345764713232,-1.365378069106931,-0.8720941294397508,-1.375081529515624,-4.0
4,2.0,-1.0,-0.9372276250398217,-0.9352749645801813,-0.9413934514072597,-0.9370702446978239,-5.0
5,1.0,-1.0,-0.737618214838483,-0.7319019358091726,-0.7330310832005971,-0.7493190562048282,-6.0
6,1.0,-1.0,-0.5910589782822,-0.3775540164272279,-0.5747799722417906,-0.5552752494512366,-7.0
7,1.0,1.0,-0.3472941447770738,0.6377167524905855,-0.3307394007384243,-0.44898945198925666,-6.0
