,ACTION,REWARD,A0,A1,A2,A3,V
0,2.0,-1.0,-1.8028352004432044,-1.762371856220824,-1.3778752895912383,-1.7872971901905386,-1.0
1,2.0,-1.0,-1.3747884564784771,-1.371884232458642,-1.2506840144369062,-1.4035584573955637,-2.0
2,0.0,-1.0,-1.0653312300948703,-1.0527578321626285,-1.0552293358908433,-1.053885273843271,-3.0
3,1.0,-1.0,-1.0653312300948703,-1.059868692584997,-1.0552293358908433,-1.053885273843271,-4.0
4,2.0,-1.0,-0.8509858557428132,-0.8522221410911087,-0.8529462347572313,-0.8511634414845761,-5.0
5,1.0,-1.0,-0.6019956262841789,-0.3025531594240738,-0.595854837823865,-0.5552752494512366,-6.0
6,1.0,1.0,-0.3565113877791606,0.7166247689810722,-0.33119066781062373,-0.44898945198925666,-5.0
