,ACTION,REWARD,A0,A1,A2,A3,V
0,2.0,-1.0,-1.7983917931298379,-1.762371856220824,-1.2951058023276927,-1.7872971901905386,-1.0
1,1.0,-1.0,-1.3528953466720492,-1.3663643935181722,-1.1461808173947297,-1.4035584573955637,-2.0
2,2.0,-1.0,-1.062024665589153,-1.0639287056854636,-1.0203869861835064,-1.0782939205559967,-3.0
3,2.0,-1.0,-0.8386313131843357,-0.8372087320282658,-0.8358843940886488,-0.8403170346477911,-4.0
4,1.0,-1.0,-0.6019956262841789,-0.302399416551233,-0.5822075841880089,-0.5552752494512366,-5.0
5,1.0,1.0,-0.3472941447770738,0.7025859903490033,-0.33119066781062373,-0.44898945198925666,-4.0
