,ACTION,REWARD,A0,A1,A2,A3,V
0,2.0,-1.0,-1.8028352004432044,-1.762371856220824,-1.390446861411155,-1.7872971901905386,-1.0
1,2.0,-1.0,-1.3824217694925591,-1.371884232458642,-1.2792052136354242,-1.4035584573955637,-2.0
2,2.0,-1.0,-1.0742658988647755,-1.0739200605505852,-1.0758512268888787,-1.0770230262342202,-3.0
3,1.0,-1.0,-0.8382456512404981,-0.8235346803654723,-0.838673680297204,-0.8506091755604672,-4.0
4,1.0,-1.0,-0.6019956262841789,-0.2935468494352082,-0.595854837823865,-0.5552752494512366,-5.0
5,1.0,1.0,-0.3565113877791606,0.7250412967175653,-0.33119066781062373,-0.44898945198925666,-4.0
