,ACTION,REWARD,A0,A1,A2,A3,V
0,2.0,-1.0,-1.7983917931298379,-1.762371856220824,-1.3004330611020398,-1.7872971901905386,-1.0
1,2.0,-1.0,-1.3528953466720492,-1.3607638168518874,-1.1487914461313906,-1.4035584573955637,-2.0
2,1.0,-1.0,-1.0025708223209515,-0.9863650805169926,-1.0095106191469452,-1.0018004939233924,-3.0
3,2.0,-1.0,-0.8279653890105247,-0.8295484335591756,-0.8314838172353006,-0.8293774542287806,-4.0
4,1.0,-1.0,-0.6019956262841789,-0.3017127806334677,-0.5822075841880089,-0.5552752494512366,-5.0
5,2.0,-1.0,-0.3472941447770738,0.6934821022684794,-0.33119066781062373,-0.44898945198925666,-6.0
6,1.0,1.0,-0.3472941447770738,0.6965472812457946,-0.33119066781062373,-0.44898945198925666,-5.0
