,ACTION,REWARD,A0,A1,A2,A3,V
0,2.0,-1.0,-1.8028352004432044,-1.762371856220824,-1.4663661874347529,-1.7872971901905386,-1.0
1,2.0,-1.0,-1.3824217694925591,-1.371884232458642,-1.3582735532326025,-1.4125840882355973,-2.0
2,0.0,-1.0,-1.101016332891612,-1.0983817292909177,-1.0955492830584703,-1.10028428202627,-3.0
3,2.0,-1.0,-1.101016332891612,-1.0983817292909177,-1.1020318189525637,-1.10028428202627,-4.0
4,1.0,-1.0,-0.8382456512404981,-0.820692444071256,-0.838673680297204,-0.8506091755604672,-5.0
5,1.0,-1.0,-0.6019956262841789,-0.2794725011566449,-0.595854837823865,-0.5673811547982797,-6.0
6,1.0,1.0,-0.3565113877791606,0.7303655883172008,-0.33119066781062373,-0.44898945198925666,-5.0
