,ACTION,REWARD,A0,A1,A2,A3,V
0,2.0,-1.0,-1.7983917931298379,-1.7677392644246561,-1.1597658816863972,-1.7872971901905386,-1.0
1,2.0,-1.0,-1.3528953466720492,-1.3607638168518874,-1.0006101355926569,-1.3811129312042676,-2.0
2,2.0,-1.0,-0.9643887629103498,-0.9641623510323829,-0.9662143074157742,-0.9628291571685629,-3.0
3,2.0,-1.0,-0.7553760669196139,-0.7565188150805854,-0.7608041983112138,-0.7614393593396114,-4.0
4,0.0,-1.0,-0.7646206908526942,-0.7565188150805854,-0.7608041983112138,-0.7614393593396114,-5.0
5,1.0,-1.0,-0.7646206908526942,-0.7520525653434491,-0.7608041983112138,-0.7614393593396114,-6.0
6,1.0,-1.0,-0.5910589782822,-0.3448572128937774,-0.5822075841880089,-0.5552752494512366,-7.0
7,1.0,1.0,-0.3472941447770738,0.672861387085871,-0.3307394007384243,-0.44898945198925666,-6.0
