,ACTION,REWARD,A0,A1,A2,A3,V
0,2.0,-1.0,-1.8028352004432044,-1.762371856220824,-1.551231773911021,-1.7872971901905386,-1.0
1,2.0,-1.0,-1.3910393477230665,-1.3906036808175084,-1.3951996051830422,-1.4125840882355973,-2.0
2,1.0,-1.0,-1.1099153165587203,-1.0918507645731836,-1.1083977327596795,-1.1116189366494327,-3.0
3,1.0,-1.0,-0.873361315896844,-0.8400523049987191,-0.8665690483676056,-0.8734472627639406,-4.0
4,2.0,-1.0,-0.8173724933017763,-0.7915041040472781,-0.6077472887906593,-0.822520675546502,-5.0
5,1.0,1.0,-0.3565113877791606,0.7387859965558464,-0.33119066781062373,-0.46012572537952495,-4.0
