,ACTION,REWARD,A0,A1,A2,A3,V
0,2.0,-1.0,-1.7983917931298379,-1.7677392644246561,-1.167173714089867,-1.7872971901905386,-1.0
1,2.0,-1.0,-1.3528953466720492,-1.3607638168518874,-1.0092694966512474,-1.3811129312042676,-2.0
2,3.0,-1.0,-0.9643887629103498,-0.9641623510323829,-0.9662143074157742,-0.9722842910667385,-3.0
3,2.0,-1.0,-1.3528953466720492,-1.3607638168518874,-1.0178542628440264,-1.3811129312042676,-4.0
4,1.0,-1.0,-0.9643887629103498,-0.9717447439160857,-0.9662143074157742,-0.9722842910667385,-5.0
5,2.0,-1.0,-0.8171862207067121,-0.8081703941797996,-0.8077455182589728,-0.8183929081847215,-6.0
6,1.0,-1.0,-0.5910589782822,-0.3453528882810668,-0.5822075841880089,-0.5552752494512366,-7.0
7,1.0,1.0,-0.3472941447770738,0.6761327732150122,-0.3307394007384243,-0.44898945198925666,-6.0
