,ACTION,REWARD,A0,A1,A2,A3,V
0,2.0,-1.0,-1.7983917931298379,-1.762371856220824,-1.3504955085074748,-1.7872971901905386,-1.0
1,2.0,-1.0,-1.3596599840050294,-1.371884232458642,-1.238986151521099,-1.4035584573955637,-2.0
2,0.0,-1.0,-1.0474680838468837,-1.0527578321626285,-1.0410835299465193,-1.053885273843271,-3.0
3,2.0,-1.0,-1.0474680838468837,-1.0527578321626285,-1.0378862561417654,-1.053885273843271,-4.0
4,0.0,-1.0,-0.8107053259129646,-0.8042396832928628,-0.8068656151896435,-0.806266316559528,-5.0
5,1.0,-1.0,-0.8107053259129646,-0.8088652093697511,-0.8068656151896435,-0.806266316559528,-6.0
6,1.0,-1.0,-0.6019956262841789,-0.2969167555270073,-0.5890381238303962,-0.5552752494512366,-7.0
7,1.0,1.0,-0.3472941447770738,0.7310241008151429,-0.33119066781062373,-0.44898945198925666,-6.0
