,ACTION,REWARD,A0,A1,A2,A3,V
0,2.0,-1.0,-1.8028352004432044,-1.762371856220824,-1.5154738922748896,-1.7872971901905386,-1.0
1,2.0,-1.0,-1.3824217694925591,-1.3772260051568948,-1.3831800064259183,-1.4125840882355973,-2.0
2,1.0,-1.0,-1.1099153165587203,-1.098533847324807,-1.1083977327596795,-1.1116189366494327,-3.0
3,1.0,-1.0,-0.873361315896844,-0.8549232209719972,-0.8665690483676056,-0.8734472627639406,-4.0
4,2.0,-1.0,-0.8078372880839468,-0.7874774495511332,-0.6192490834480214,-0.822520675546502,-5.0
5,1.0,1.0,-0.3565113877791606,0.7486831082671752,-0.33119066781062373,-0.46012572537952495,-4.0
