,ACTION,REWARD,A0,A1,A2,A3,V
0,2.0,-1.0,-1.7983917931298379,-1.7677392644246561,-1.204702704670069,-1.7872971901905386,-1.0
1,2.0,-1.0,-1.3528953466720492,-1.3607638168518874,-1.067941062067186,-1.3811129312042676,-2.0
2,1.0,-1.0,-0.982450949773292,-0.9867775696274612,-0.9846214693467578,-0.982024755574237,-3.0
3,1.0,-1.0,-0.8171862207067121,-0.81614709894735,-0.8126951381944533,-0.8183929081847215,-4.0
4,2.0,-1.0,-0.8078372880839468,-0.7874774495511332,-0.6703149081207015,-0.822520675546502,-5.0
5,1.0,1.0,-0.3472941447770738,0.6821054898387698,-0.3307394007384243,-0.44898945198925666,-4.0
