,ACTION,REWARD,A0,A1,A2,A3,V
0,2.0,-1.0,-1.7983917931298379,-1.762371856220824,-1.2924703716609682,-1.7872971901905386,-1.0
1,2.0,-1.0,-1.3528953466720492,-1.3663643935181722,-1.143732311077852,-1.4035584573955637,-2.0
2,1.0,-1.0,-1.0025708223209515,-1.0089861638244566,-1.0095106191469452,-1.0018004939233924,-3.0
3,2.0,-1.0,-0.8386313131843357,-0.8372087320282658,-0.8402471448967234,-0.8403170346477911,-4.0
4,1.0,-1.0,-0.6019956262841789,-0.3030521484725796,-0.5822075841880089,-0.5552752494512366,-5.0
5,1.0,1.0,-0.3472941447770738,0.7055601304455132,-0.33119066781062373,-0.44898945198925666,-4.0
