,ACTION,REWARD,A0,A1,A2,A3,V
0,2.0,-1.0,-1.7983917931298379,-1.77321072142432,-1.101229695466596,-1.7872971901905386,-1.0
1,2.0,-1.0,-1.3528953466720492,-1.365378069106931,-0.910164173882539,-1.3811129312042676,-2.0
2,1.0,-1.0,-0.9462903974147819,-0.9486856709856573,-0.9485666343154697,-0.9456330997464509,-3.0
3,2.0,-1.0,-0.8066768700780762,-0.8081703941797996,-0.8073108584615349,-0.8183929081847215,-4.0
4,1.0,-1.0,-0.5910589782822,-0.3597681213593745,-0.5747799722417906,-0.5552752494512366,-5.0
5,1.0,1.0,-0.3472941447770738,0.6519921579526139,-0.3307394007384243,-0.44898945198925666,-4.0
