,ACTION,REWARD,A0,A1,A2,A3,V
0,2.0,-1.0,-1.8028352004432044,-1.7671075385307589,-1.6314053787980163,-1.7872971901905386,-1.0
1,2.0,-1.0,-1.4253092701035859,-1.4223409234928106,-1.4211253903110976,-1.4229705171206033,-2.0
2,1.0,-1.0,-1.1099153165587203,-1.0841284785138219,-1.1083977327596795,-1.1116189366494327,-3.0
3,1.0,-1.0,-0.873361315896844,-0.8131010643800988,-0.8665690483676056,-0.8845193197909381,-4.0
4,2.0,-1.0,-0.8173724933017763,-0.7915041040472781,-0.5718767549645986,-0.822520675546502,-5.0
5,1.0,1.0,-0.3565113877791606,0.7352220242852501,-0.33106997782150266,-0.46012572537952495,-4.0
