,ACTION,REWARD,A0,A1,A2,A3,V
0,2.0,-1.0,-1.7983917931298379,-1.762371856220824,-1.2350164324242976,-1.7872971901905386,-1.0
1,2.0,-1.0,-1.3528953466720492,-1.3607638168518874,-1.1080351469907734,-1.3882122062168627,-2.0
2,1.0,-1.0,-0.9904870303246951,-0.9917271335637134,-0.9916025358098045,-1.0018004939233924,-3.0
3,1.0,-1.0,-0.8171862207067121,-0.8240184621309629,-0.817608234229483,-0.8183929081847215,-4.0
4,2.0,-1.0,-0.8078372880839468,-0.7874774495511332,-0.6674158747241756,-0.822520675546502,-5.0
5,1.0,1.0,-0.3472941447770738,0.6915472746850686,-0.3307394007384243,-0.44898945198925666,-4.0
