,ACTION,REWARD,A0,A1,A2,A3,V
0,2.0,-1.0,-1.8028352004432044,-1.762371856220824,-1.4436297772294697,-1.7872971901905386,-1.0
1,2.0,-1.0,-1.3824217694925591,-1.371884232458642,-1.3327121658413252,-1.4035584573955637,-2.0
2,3.0,-1.0,-1.092108441332945,-1.0915619798435048,-1.0890401864446535,-1.0890645625459423,-3.0
3,2.0,-1.0,-1.3824217694925591,-1.371884232458642,-1.339186405860914,-1.4035584573955637,-4.0
4,2.0,-1.0,-1.092108441332945,-1.0915619798435048,-1.0955492830584703,-1.0890645625459423,-5.0
5,1.0,-1.0,-0.8382456512404981,-0.8264476360753527,-0.838673680297204,-0.8506091755604672,-6.0
6,1.0,-1.0,-0.6019956262841789,-0.2788093729618746,-0.595854837823865,-0.5673811547982797,-7.0
7,1.0,1.0,-0.3565113877791606,0.7248909175769828,-0.33119066781062373,-0.44898945198925666,-6.0
