,ACTION,REWARD,A0,A1,A2,A3,V
0,2.0,-1.0,-1.7983917931298379,-1.762371856220824,-1.2730655097076715,-1.7872971901905386,-1.0
1,2.0,-1.0,-1.3528953466720492,-1.3607638168518874,-1.1465910972661983,-1.3882122062168627,-2.0
2,1.0,-1.0,-1.0025708223209515,-0.991357809723833,-1.0025223828186627,-1.0018004939233924,-3.0
3,1.0,-1.0,-0.8279653890105247,-0.8217850203821708,-0.8270455994153277,-0.8183929081847215,-4.0
4,2.0,-1.0,-0.8078372880839468,-0.7874774495511332,-0.6645848200918342,-0.822520675546502,-5.0
5,1.0,1.0,-0.3472941447770738,0.6872585473609625,-0.3307394007384243,-0.44898945198925666,-4.0
