,ACTION,REWARD,A0,A1,A2,A3,V
0,2.0,-1.0,-1.7983917931298379,-1.762371856220824,-1.3657734498950296,-1.7872971901905386,-1.0
1,2.0,-1.0,-1.367214259528669,-1.371884232458642,-1.2427629951356083,-1.4035584573955637,-2.0
2,2.0,-1.0,-1.0474680838468837,-1.0527578321626285,-1.0286575115643952,-1.053885273843271,-3.0
3,0.0,-1.0,-0.8198946205870516,-0.8134488080757967,-0.8160587495744539,-0.8175165275077971,-4.0
4,1.0,-1.0,-0.8198946205870516,-0.8179906353346184,-0.8160587495744539,-0.8175165275077971,-5.0
5,1.0,-1.0,-0.6019956262841789,-0.297791262615494,-0.5890381238303962,-0.5552752494512366,-6.0
6,1.0,1.0,-0.3472941447770738,0.7163767212089215,-0.33119066781062373,-0.44898945198925666,-5.0
