,ACTION,REWARD,A0,A1,A2,A3,V
0,2.0,-1.0,-1.8028352004432044,-1.762371856220824,-1.398055239719762,-1.7872971901905386,-1.0
1,2.0,-1.0,-1.3824217694925591,-1.371884232458642,-1.2860784420440252,-1.4035584573955637,-2.0
2,1.0,-1.0,-1.0742658988647755,-1.0808573760578943,-1.0758512268888787,-1.0770230262342202,-3.0
3,2.0,-1.0,-0.8620357030664924,-0.8594854717608749,-0.8570586940545759,-0.8619668176175286,-4.0
4,1.0,-1.0,-0.6019956262841789,-0.284086009270398,-0.595854837823865,-0.5552752494512366,-5.0
5,1.0,1.0,-0.3565113877791606,0.7077908837503897,-0.33119066781062373,-0.44898945198925666,-4.0
