,ACTION,REWARD,A0,A1,A2,A3,V
0,2.0,-1.0,-1.7983917931298379,-1.7677392644246561,-1.1971365484361403,-1.7872971901905386,-1.0
1,2.0,-1.0,-1.3528953466720492,-1.3607638168518874,-1.051478602018428,-1.3811129312042676,-2.0
2,3.0,-1.0,-0.9734243741474394,-0.9792970061412556,-0.9776198930077665,-0.982024755574237,-3.0
3,2.0,-1.0,-1.3528953466720492,-1.3607638168518874,-1.0597246353655705,-1.3811129312042676,-4.0
4,0.0,-1.0,-0.982450949773292,-0.9792970061412556,-0.9776198930077665,-0.982024755574237,-5.0
5,2.0,-1.0,-0.982450949773292,-0.9792970061412556,-0.9846214693467578,-0.982024755574237,-6.0
6,1.0,-1.0,-0.7646206908526942,-0.7585867951682524,-0.7608041983112138,-0.7725595214831844,-7.0
7,1.0,-1.0,-0.5910589782822,-0.33729494519092945,-0.5822075841880089,-0.5552752494512366,-8.0
8,1.0,1.0,-0.3472941447770738,0.6788944341805756,-0.3307394007384243,-0.44898945198925666,-7.0
