,ACTION,REWARD,A0,A1,A2,A3,V
0,2.0,-1.0,-1.8028352004432044,-1.762371856220824,-1.5182632196797314,-1.7872971901905386,-1.0
1,1.0,-1.0,-1.3824217694925591,-1.3772260051568948,-1.3770338657728218,-1.4125840882355973,-2.0
2,2.0,-1.0,-1.0736764454173604,-1.073739259462044,-1.0681945999886544,-1.0782939205559967,-3.0
3,1.0,-1.0,-0.873361315896844,-0.85790257045443,-0.8665690483676056,-0.8734472627639406,-4.0
4,2.0,-1.0,-0.8078372880839468,-0.7874774495511332,-0.625129767795649,-0.822520675546502,-5.0
5,3.0,-1.0,-0.3565113877791606,0.7435803573790176,-0.33119066781062373,-0.46012572537952495,-6.0
6,2.0,-1.0,-0.8078372880839468,-0.7874774495511332,-0.6221862469012813,-0.822520675546502,-7.0
7,1.0,1.0,-0.3565113877791606,0.7461445538052275,-0.33119066781062373,-0.46012572537952495,-6.0
