,ACTION,REWARD,A0,A1,A2,A3,V
0,2.0,-1.0,-1.8028352004432044,-1.762371856220824,-1.4360546820591946,-1.7872971901905386,-1.0
1,2.0,-1.0,-1.3824217694925591,-1.371884232458642,-1.3261824434296823,-1.4035584573955637,-2.0
2,0.0,-1.0,-1.092108441332945,-1.0846790433790376,-1.0890401864446535,-1.087949649548859,-3.0
3,1.0,-1.0,-1.092108441332945,-1.0915619798435048,-1.0890401864446535,-1.087949649548859,-4.0
4,2.0,-1.0,-0.8620357030664924,-0.8594854717608749,-0.8627659862614415,-0.872728039877102,-5.0
5,1.0,-1.0,-0.6019956262841789,-0.27808927404392275,-0.595854837823865,-0.5673811547982797,-6.0
6,1.0,1.0,-0.3565113877791606,0.7221120379565482,-0.33119066781062373,-0.44898945198925666,-5.0
