,ACTION,REWARD,A0,A1,A2,A3,V
0,2.0,-1.0,-1.7983917931298379,-1.762371856220824,-1.3351641283832698,-1.7872971901905386,-1.0
1,2.0,-1.0,-1.3596599840050294,-1.371884232458642,-1.224861237104751,-1.4035584573955637,-2.0
2,1.0,-1.0,-1.038506590437321,-1.0456110445640758,-1.0410835299465193,-1.053885273843271,-3.0
3,2.0,-1.0,-0.8509858557428132,-0.8447664493548375,-0.8487154159994048,-0.8511634414845761,-4.0
4,1.0,-1.0,-0.6019956262841789,-0.2964358788685578,-0.5890381238303962,-0.5552752494512366,-5.0
5,1.0,1.0,-0.3472941447770738,0.7255628005460085,-0.33119066781062373,-0.44898945198925666,-4.0
