,ACTION,REWARD,A0,A1,A2,A3,V
0,2.0,-1.0,-1.8028352004432044,-1.7671075385307589,-1.5857412753807432,-1.7872971901905386,-1.0
1,1.0,-1.0,-1.3996483083753435,-1.4052728539662602,-1.4010742660123705,-1.4125840882355973,-2.0
2,1.0,-1.0,-1.0888222819606606,-1.0896144060707764,-1.0888085674122785,-1.0899014317486464,-3.0
3,2.0,-1.0,-0.8170119198386524,-0.8146769568993094,-0.7987122859722604,-0.820755704100323,-4.0
4,2.0,-1.0,-0.8173724933017763,-0.7915041040472781,-0.591448236889759,-0.822520675546502,-5.0
5,1.0,1.0,-0.3565113877791606,0.754072201011765,-0.33119066781062373,-0.46012572537952495,-4.0
