,ACTION,REWARD,A0,A1,A2,A3,V
0,2.0,-1.0,-1.7966138990066267,-1.77321072142432,-1.0826703459197193,-1.7872971901905386,-1.0
1,2.0,-1.0,-1.3485345764713232,-1.365378069106931,-0.8717906628265749,-1.375081529515624,-2.0
2,1.0,-1.0,-0.9372276250398217,-0.9431353260123038,-0.9413934514072597,-0.9370702446978239,-3.0
3,3.0,-1.0,-0.8066768700780762,-0.8081703941797996,-0.8014567864360246,-0.8183929081847215,-4.0
4,2.0,-1.0,-1.062024665589153,-1.0673979425146067,-1.0043920484472997,-1.0782939205559967,-5.0
5,2.0,-1.0,-0.8066768700780762,-0.8081703941797996,-0.7968402047195093,-0.8183929081847215,-6.0
6,1.0,-1.0,-0.5910589782822,-0.36803902549054035,-0.5747799722417906,-0.5552752494512366,-7.0
7,1.0,1.0,-0.3472941447770738,0.6413395849656796,-0.3307394007384243,-0.44898945198925666,-6.0
