,ACTION,REWARD,A0,A1,A2,A3,V
0,2.0,-1.0,-1.7983917931298379,-1.77321072142432,-1.1302667816648013,-1.7872971901905386,-1.0
1,2.0,-1.0,-1.3528953466720492,-1.365378069106931,-0.956326799373267,-1.3811129312042676,-2.0
2,2.0,-1.0,-0.9553441070173672,-0.9564589061065034,-0.9545936445535875,-0.9544529278193593,-3.0
3,1.0,-1.0,-0.7553760669196139,-0.7508470427618853,-0.7515557540652791,-0.750376918622455,-4.0
4,1.0,-1.0,-0.5910589782822,-0.3522500377037175,-0.5747799722417906,-0.5552752494512366,-5.0
5,1.0,1.0,-0.3472941447770738,0.6560020654805706,-0.3307394007384243,-0.44898945198925666,-4.0
