,ACTION,REWARD,A0,A1,A2,A3,V
0,2.0,-1.0,-1.7983917931298379,-1.7677392644246561,-1.1523624262288874,-1.7872971901905386,-1.0
1,2.0,-1.0,-1.3528953466720492,-1.3607638168518874,-0.991897746644289,-1.3811129312042676,-2.0
2,0.0,-1.0,-0.9643887629103498,-0.9564589061065034,-0.9590407127567542,-0.9628291571685629,-3.0
3,1.0,-1.0,-0.9643887629103498,-0.9641623510323829,-0.9590407127567542,-0.9628291571685629,-4.0
4,2.0,-1.0,-0.8171862207067121,-0.8081703941797996,-0.8026684882251806,-0.8183929081847215,-5.0
5,1.0,-1.0,-0.5910589782822,-0.3443264904077262,-0.5822075841880089,-0.5552752494512366,-6.0
6,1.0,1.0,-0.3472941447770738,0.6695569566523949,-0.3307394007384243,-0.44898945198925666,-5.0
