,ACTION,REWARD,A0,A1,A2,A3,V
0,2.0,-1.0,-1.8028352004432044,-1.7718481024413975,-1.7022762276479906,-1.7872971901905386,-1.0
1,2.0,-1.0,-1.4648983978374095,-1.4662480152172128,-1.4074525175135901,-1.4670778332881829,-2.0
2,1.0,-1.0,-1.1264933139684328,-1.015930035775097,-1.1147387623813512,-1.1116189366494327,-3.0
3,1.0,-1.0,-0.9060128137759337,-0.7298643693477473,-0.8701649513338119,-0.906614151826825,-4.0
4,2.0,-1.0,-0.8173724933017763,-0.795381477708545,-0.48663181822988494,-0.8393928267527885,-5.0
5,1.0,1.0,-0.3651222726284922,0.7758743782478246,-0.3302945084822382,-0.4801153325438098,-4.0
