,ACTION,REWARD,A0,A1,A2,A3,V
0,2.0,-1.0,-1.8028352004432044,-1.7859183190631422,-1.4809653978618202,-1.806877140450971,-1.0
1,1.0,-1.0,-1.4784507361638157,-1.4871296198745803,-1.1941675936426948,-1.5032152617847478,-2.0
2,2.0,-1.0,-1.123930705911272,-1.116824322700294,-1.0926108997574342,-1.1240998724404077,-3.0
3,1.0,-1.0,-0.92414921380779,-0.6198539603793818,-0.8735554394264181,-0.917567478214309,-4.0
4,2.0,-1.0,-0.8248424110809911,-0.8061435600171735,-0.38997557251594533,-0.8738901451087134,-5.0
5,1.0,1.0,-0.3733932025909321,0.8256061927431908,-0.3293225649896934,-0.48838829830702707,-4.0
