,ACTION,REWARD,A0,A1,A2,A3,V
0,2.0,-1.0,-1.8028352004432044,-1.7718481024413975,-1.743305286511309,-1.7872971901905386,-1.0
1,1.0,-1.0,-1.4648983978374095,-1.4662480152172128,-1.4640290807992404,-1.4670778332881829,-2.0
2,1.0,-1.0,-1.1122965495576833,-1.116824322700294,-1.1132742117502412,-1.1127995886601587,-3.0
3,2.0,-1.0,-0.8170119198386524,-0.8146769568993094,-0.8044912952149902,-0.820755704100323,-4.0
4,2.0,-1.0,-0.8173724933017763,-0.7915041040472781,-0.5120575261365587,-0.8304569748442965,-5.0
5,1.0,1.0,-0.3565113877791606,0.776356129516571,-0.3305418403684556,-0.47030298844123447,-4.0
