,ACTION,REWARD,A0,A1,A2,A3,V
0,2.0,-1.0,-1.8028352004432044,-1.7765952247139272,-1.6325494316128288,-1.801582201415168,-1.0
1,2.0,-1.0,-1.4648983978374095,-1.476860024306775,-1.312008861264976,-1.4670778332881829,-2.0
2,1.0,-1.0,-1.1264933139684328,-0.9497866487673813,-1.1210532530219282,-1.1116189366494327,-3.0
3,1.0,-1.0,-0.9060128137759337,-0.6842134945361095,-0.8735554394264181,-0.917567478214309,-4.0
4,2.0,-1.0,-0.8173724933017763,-0.7991121534861818,-0.44036417045200577,-0.8568302218861162,-5.0
5,1.0,1.0,-0.3651222726284922,0.8013142447059983,-0.32998852268722767,-0.4895872228941619,-4.0
