,ACTION,REWARD,A0,A1,A2,A3,V
0,3.0,-1.0,-1.8028352004432044,-1.7718481024413975,-1.7034640249127855,-1.7947553945128483,-1.0
1,2.0,-1.0,-1.8028352004432044,-1.7718481024413975,-1.7090078495056562,-1.7947553945128483,-2.0
2,2.0,-1.0,-1.4648983978374095,-1.4662480152172128,-1.392709960274554,-1.4670778332881829,-3.0
3,1.0,-1.0,-1.1264933139684328,-1.0051864428470167,-1.1147387623813512,-1.1116189366494327,-4.0
4,1.0,-1.0,-0.9060128137759337,-0.7209359564332828,-0.8701649513338119,-0.906614151826825,-5.0
5,2.0,-1.0,-0.8173724933017763,-0.795381477708545,-0.46958218082135866,-0.8482069305131594,-6.0
6,1.0,1.0,-0.3651222726284922,0.782531133339486,-0.32998852268722767,-0.4895872228941619,-5.0
