,ACTION,REWARD,A0,A1,A2,A3,V
0,2.0,-1.0,-1.8028352004432044,-1.7859183190631422,-1.4728454909821307,-1.806877140450971,-1.0
1,2.0,-1.0,-1.4784507361638157,-1.4871296198745803,-1.1861551760742235,-1.5032152617847478,-2.0
2,1.0,-1.0,-1.1264933139684328,-0.8762655851167933,-1.1272480411768953,-1.1116189366494327,-3.0
3,1.0,-1.0,-0.92414921380779,-0.6171652009282315,-0.8735554394264181,-0.917567478214309,-4.0
4,2.0,-1.0,-0.8248424110809911,-0.8061435600171735,-0.38862966561344403,-0.8738901451087134,-5.0
5,1.0,1.0,-0.3733932025909321,0.8290766295076013,-0.3293225649896934,-0.48838829830702707,-4.0
