,ACTION,REWARD,A0,A1,A2,A3,V
0,2.0,-1.0,-1.8028352004432044,-1.7718481024413975,-1.6944759982214432,-1.7872971901905386,-1.0
1,2.0,-1.0,-1.4492716975074522,-1.444567993061797,-1.44915054515398,-1.4441685660529684,-2.0
2,1.0,-1.0,-1.1183957017398174,-1.0569028369612279,-1.1083977327596795,-1.1116189366494327,-3.0
3,1.0,-1.0,-0.9060128137759337,-0.7601081873358793,-0.8665690483676056,-0.8955590736169756,-4.0
4,2.0,-1.0,-0.8173724933017763,-0.7915041040472781,-0.5246910922040152,-0.8304569748442965,-5.0
5,1.0,1.0,-0.3565113877791606,0.7600555894652288,-0.33105300637753543,-0.47030298844123447,-4.0
