,ACTION,REWARD,A0,A1,A2,A3,V
0,2.0,-1.0,-1.8028352004432044,-1.7671075385307589,-1.6599209179973407,-1.7872971901905386,-1.0
1,2.0,-1.0,-1.4324600768726488,-1.4335592753239064,-1.4376185965234198,-1.4335077185933185,-2.0
2,1.0,-1.0,-1.1099153165587203,-1.086323392601754,-1.1083977327596795,-1.1116189366494327,-3.0
3,1.0,-1.0,-0.8952300726720637,-0.8011969160301986,-0.8665690483676056,-0.8845193197909381,-4.0
4,2.0,-1.0,-0.8173724933017763,-0.7915041040472781,-0.5603738087657696,-0.822520675546502,-5.0
5,1.0,1.0,-0.3565113877791606,0.7383977796626089,-0.33106997782150266,-0.46012572537952495,-4.0
