,ACTION,REWARD,A0,A1,A2,A3,V
0,2.0,-1.0,-1.8028352004432044,-1.7812975282117156,-1.5791412619821166,-1.801582201415168,-1.0
1,2.0,-1.0,-1.4720574936104203,-1.476860024306775,-1.272448804756112,-1.4770593431087338,-2.0
2,1.0,-1.0,-1.1264933139684328,-0.9116121485833893,-1.1210532530219282,-1.1116189366494327,-3.0
3,1.0,-1.0,-0.9152410557359062,-0.6688457657060701,-0.8735554394264181,-0.917567478214309,-4.0
4,1.0,-1.0,-0.8173724933017763,-0.8026986776004951,-0.42253015791381565,-0.8568302218861162,-5.0
5,2.0,1.0,-0.40324267286598736,-0.39570816453140456,-0.16354102140925475,-0.4007377950987094,-4.0
