,ACTION,REWARD,A0,A1,A2,A3,V
0,2.0,-1.0,-1.8028352004432044,-1.7718481024413975,-1.7373881893574679,-1.7872971901905386,-1.0
1,2.0,-1.0,-1.4648983978374095,-1.4662480152172128,-1.4429449616664742,-1.4670778332881829,-2.0
2,0.0,-1.0,-1.1264933139684328,-1.0312854717792947,-1.1147387623813512,-1.1116189366494327,-3.0
3,1.0,-1.0,-1.1264933139684328,-1.027755578511948,-1.1147387623813512,-1.1116189366494327,-4.0
4,1.0,-1.0,-0.9060128137759337,-0.7506592653499177,-0.8665690483676056,-0.8955590736169756,-5.0
5,2.0,-1.0,-0.8173724933017763,-0.795381477708545,-0.5017082207764068,-0.8304569748442965,-6.0
6,1.0,1.0,-0.3565113877791606,0.7775159044491347,-0.3305418403684556,-0.47030298844123447,-5.0
