,ACTION,REWARD,A0,A1,A2,A3,V
0,3.0,-1.0,-1.8028352004432044,-1.7765952247139272,-1.6415956497164452,-1.801582201415168,-1.0
1,2.0,-1.0,-1.8028352004432044,-1.7765952247139272,-1.637070769719007,-1.801582201415168,-2.0
2,2.0,-1.0,-1.4648983978374095,-1.476860024306775,-1.3165966212235507,-1.4670778332881829,-3.0
3,2.0,-1.0,-1.1264933139684328,-0.9531340281845442,-1.1210532530219282,-1.1116189366494327,-4.0
4,1.0,-1.0,-0.8382456512404981,-0.8228134094651418,-0.838673680297204,-0.8506091755604672,-5.0
5,1.0,-1.0,-0.6019956262841789,-0.2135725209694287,-0.595854837823865,-0.5673811547982797,-6.0
6,1.0,1.0,-0.3651222726284922,0.7993073178848468,-0.32998852268722767,-0.4895872228941619,-5.0
