,ACTION,REWARD,A0,A1,A2,A3,V
0,2.0,-1.0,-1.8028352004432044,-1.7765952247139272,-1.6280320170480853,-1.801582201415168,-1.0
1,0.0,-1.0,-1.4720574936104203,-1.476860024306775,-1.312008861264976,-1.4670778332881829,-2.0
2,3.0,-1.0,-1.4720574936104203,-1.476860024306775,-1.312008861264976,-1.4770593431087338,-3.0
3,2.0,-1.0,-1.8028352004432044,-1.7765952247139272,-1.6235597766289893,-1.801582201415168,-4.0
4,2.0,-1.0,-1.4720574936104203,-1.476860024306775,-1.3074368524912328,-1.4770593431087338,-5.0
5,1.0,-1.0,-1.1264933139684328,-0.9464467037305324,-1.1210532530219282,-1.1116189366494327,-6.0
6,1.0,-1.0,-0.9060128137759337,-0.6813346371248165,-0.8735554394264181,-0.917567478214309,-7.0
7,2.0,-1.0,-0.8173724933017763,-0.7991121534861818,-0.4387487005451317,-0.8568302218861162,-8.0
8,1.0,1.0,-0.3651222726284922,0.8033011022589384,-0.32998852268722767,-0.4895872228941619,-7.0
