,ACTION,REWARD,A0,A1,A2,A3,V
0,3.0,-1.0,-1.8028352004432044,-1.7859183190631422,-1.478973449994958,-1.806877140450971,-1.0
1,2.0,-1.0,-1.8028352004432044,-1.7859183190631422,-1.4749675651707435,-1.806877140450971,-2.0
2,2.0,-1.0,-1.4784507361638157,-1.4820684142032412,-1.1941675936426948,-1.5032152617847478,-3.0
3,1.0,-1.0,-1.1264933139684328,-0.8794817166397766,-1.1210532530219282,-1.1116189366494327,-4.0
4,1.0,-1.0,-0.92414921380779,-0.6225578096185844,-0.8735554394264181,-0.917567478214309,-5.0
5,2.0,-1.0,-0.8248424110809911,-0.8061435600171735,-0.39130320633147087,-0.8738901451087134,-6.0
6,1.0,1.0,-0.3733932025909321,0.8238446391345362,-0.3293225649896934,-0.48838829830702707,-5.0
