,ACTION,REWARD,A0,A1,A2,A3,V
0,2.0,-1.0,-1.8028352004432044,-1.7718481024413975,-1.7034640249127855,-1.7872971901905386,-1.0
1,2.0,-1.0,-1.4648983978374095,-1.4662480152172128,-1.3976072046664991,-1.4670778332881829,-2.0
2,1.0,-1.0,-1.1264933139684328,-1.008758628302226,-1.1147387623813512,-1.1116189366494327,-3.0
3,1.0,-1.0,-0.9060128137759337,-0.7239334253125497,-0.8701649513338119,-0.906614151826825,-4.0
4,3.0,-1.0,-0.8173724933017763,-0.795381477708545,-0.4730519349326917,-0.8482069305131594,-5.0
5,2.0,-1.0,-0.8170119198386524,-0.8146769568993094,-0.7971409904832685,-0.820755704100323,-6.0
6,2.0,-1.0,-0.8173724933017763,-0.795381477708545,-0.4713183748731767,-0.8482069305131594,-7.0
7,2.0,-1.0,-0.3651222726284922,0.7781156344653464,-0.32998852268722767,-0.4895872228941619,-8.0
8,1.0,1.0,-0.3651222726284922,0.7803344781206929,-0.32998852268722767,-0.4895872228941619,-7.0
