,ACTION,REWARD,A0,A1,A2,A3,V
0,2.0,-1.0,-1.8028352004432044,-1.7718481024413975,-1.6998981048944568,-1.7947553945128483,-1.0
1,2.0,-1.0,-1.4648983978374095,-1.4662480152172128,-1.3829658502890954,-1.4670778332881829,-2.0
2,1.0,-1.0,-1.1264933139684328,-0.9980683475346487,-1.1147387623813512,-1.1116189366494327,-3.0
3,1.0,-1.0,-0.9060128137759337,-0.7149839003406966,-0.8701649513338119,-0.906614151826825,-4.0
4,2.0,-1.0,-0.8173724933017763,-0.795381477708545,-0.46610279062690396,-0.8482069305131594,-5.0
5,1.0,1.0,-0.3651222726284922,0.7868587637860303,-0.32998852268722767,-0.4895872228941619,-4.0
