,ACTION,REWARD,A0,A1,A2,A3,V
0,2.0,-1.0,-1.8028352004432044,-1.7718481024413975,-1.651403064770446,-1.7872971901905386,-1.0
1,1.0,-1.0,-1.441027616795776,-1.444567993061797,-1.4060396532926447,-1.4441685660529684,-2.0
2,0.0,-1.0,-1.1122965495576833,-1.1044927391674104,-1.1017106253172608,-1.1014004444335068,-3.0
3,0.0,-1.0,-1.4492716975074522,-1.444567993061797,-1.4060396532926447,-1.4441685660529684,-4.0
4,2.0,-1.0,-1.4492716975074522,-1.444567993061797,-1.4116717167513921,-1.4441685660529684,-5.0
5,1.0,-1.0,-1.1099153165587203,-1.0732211295622873,-1.1083977327596795,-1.1116189366494327,-6.0
6,1.0,-1.0,-0.9060128137759337,-0.7804502984642385,-0.8665690483676056,-0.8955590736169756,-7.0
7,2.0,-1.0,-0.8173724933017763,-0.7915041040472781,-0.5414543456284703,-0.8304569748442965,-8.0
8,1.0,1.0,-0.3565113877791606,0.7425669658532191,-0.33106997782150266,-0.46012572537952495,-7.0
