,ACTION,REWARD,A0,A1,A2,A3,V
0,2.0,-1.0,-1.8028352004432044,-1.7859183190631422,-1.4829829841157318,-1.801582201415168,-1.0
1,2.0,-1.0,-1.4784507361638157,-1.4820684142032412,-1.2022550800426264,-1.5032152617847478,-2.0
2,1.0,-1.0,-1.1264933139684328,-0.8858878093224352,-1.1210532530219282,-1.1116189366494327,-3.0
3,1.0,-1.0,-0.92414921380779,-0.6280114912438977,-0.8735554394264181,-0.917567478214309,-4.0
4,1.0,-1.0,-0.8248424110809911,-0.8061435600171735,-0.3939499863161539,-0.8738901451087134,-5.0
5,2.0,1.0,-0.40324267286598736,-0.39570816453140456,-0.15190561119516222,-0.4007377950987094,-4.0
