,ACTION,REWARD,A0,A1,A2,A3,V
0,2.0,-1.0,-1.8028352004432044,-1.7718481024413975,-1.7125016888271314,-1.7872971901905386,-1.0
1,2.0,-1.0,-1.4492716975074522,-1.4500349171310805,-1.454171165235091,-1.455031639190442,-2.0
2,2.0,-1.0,-1.1183957017398174,-1.0569028369612279,-1.1147387623813512,-1.1116189366494327,-3.0
3,1.0,-1.0,-0.8382456512404981,-0.8290975849322726,-0.838673680297204,-0.8506091755604672,-4.0
4,1.0,-1.0,-0.6019956262841789,-0.25128816109804153,-0.595854837823865,-0.5673811547982797,-5.0
5,1.0,1.0,-0.3565113877791606,0.7648304832348708,-0.33105300637753543,-0.47030298844123447,-4.0
