,ACTION,REWARD,A0,A1,A2,A3,V
0,1.0,-1.0,-1.8028352004432044,-1.7812975282117156,-1.6190911105351204,-1.801582201415168,-1.0
1,2.0,-1.0,-1.3902131222349654,-1.3891576380277972,-1.3815295703937445,-1.3861809972604993,-2.0
2,2.0,-1.0,-1.123930705911272,-1.116824322700294,-1.108554459948197,-1.1240998724404077,-3.0
3,1.0,-1.0,-0.9060128137759337,-0.6855195123004638,-0.8735554394264181,-0.917567478214309,-4.0
4,2.0,-1.0,-0.8173724933017763,-0.7991121534861818,-0.4355127757620293,-0.8568302218861162,-5.0
5,1.0,1.0,-0.3651222726284922,0.8072154103239855,-0.32998852268722767,-0.4895872228941619,-4.0
