,ACTION,REWARD,A0,A1,A2,A3,V
0,2.0,-1.0,-1.8028352004432044,-1.7671075385307589,-1.6630968510079553,-1.7872971901905386,-1.0
1,2.0,-1.0,-1.441027616795776,-1.4390526817641838,-1.4148980049470563,-1.4441685660529684,-2.0
2,1.0,-1.0,-1.1099153165587203,-1.0743089034676059,-1.1083977327596795,-1.1116189366494327,-3.0
3,3.0,-1.0,-0.9060128137759337,-0.789308447433995,-0.8665690483676056,-0.8955590736169756,-4.0
4,1.0,-1.0,-1.1006486794727772,-1.1044927391674104,-1.1017106253172608,-1.1014004444335068,-5.0
5,2.0,-1.0,-0.8170119198386524,-0.8146769568993094,-0.8012906784873992,-0.820755704100323,-6.0
6,2.0,-1.0,-0.8173724933017763,-0.7915041040472781,-0.547731518529025,-0.8304569748442965,-7.0
7,1.0,1.0,-0.3565113877791606,0.7346869015151197,-0.33106997782150266,-0.46012572537952495,-6.0
