,ACTION,REWARD,A0,A1,A2,A3,V
0,2.0,-1.0,-1.8028352004432044,-1.7718481024413975,-1.707920538029133,-1.7872971901905386,-1.0
1,2.0,-1.0,-1.4648983978374095,-1.4662480152172128,-1.40252136266043,-1.4670778332881829,-2.0
2,1.0,-1.0,-1.1264933139684328,-1.0123395147414758,-1.1147387623813512,-1.1116189366494327,-3.0
3,1.0,-1.0,-0.9060128137759337,-0.7269454120183388,-0.8701649513338119,-0.906614151826825,-4.0
4,2.0,-1.0,-0.8173724933017763,-0.795381477708545,-0.4747826306433557,-0.8393928267527885,-5.0
5,3.0,-1.0,-0.3651222726284922,0.7758743782478246,-0.3302945084822382,-0.4895872228941619,-6.0
6,2.0,-1.0,-0.8173724933017763,-0.795381477708545,-0.4730519349326917,-0.8393928267527885,-7.0
7,1.0,1.0,-0.3651222726284922,0.7781156344653464,-0.3302945084822382,-0.4895872228941619,-6.0
