,ACTION,REWARD,A0,A1,A2,A3,V
0,2.0,-1.0,-1.8028352004432044,-1.7718481024413975,-1.6726584684520052,-1.7947553945128483,-1.0
1,2.0,-1.0,-1.4648983978374095,-1.4716007313629822,-1.358895361053943,-1.4670778332881829,-2.0
2,1.0,-1.0,-1.1264933139684328,-0.9804281989358842,-1.1147387623813512,-1.1116189366494327,-3.0
3,2.0,-1.0,-0.9060128137759337,-0.7032468164272887,-0.8735554394264181,-0.906614151826825,-4.0
4,1.0,-1.0,-0.6019956262841789,-0.22297782024354457,-0.595854837823865,-0.5673811547982797,-5.0
5,1.0,1.0,-0.3651222726284922,0.7973048051371291,-0.32998852268722767,-0.4895872228941619,-4.0
