,ACTION,REWARD,A0,A1,A2,A3,V
0,2.0,-1.0,-1.8028352004432044,-1.7859183190631422,-1.478973449994958,-1.801582201415168,-1.0
1,2.0,-1.0,-1.4784507361638157,-1.4820684142032412,-1.198205519526102,-1.5032152617847478,-2.0
2,1.0,-1.0,-1.1264933139684328,-0.8826810346504059,-1.1210532530219282,-1.1116189366494327,-3.0
3,1.0,-1.0,-0.92414921380779,-0.6252769262083041,-0.8735554394264181,-0.917567478214309,-4.0
4,2.0,-1.0,-0.8248424110809911,-0.8061435600171735,-0.39262807470703703,-0.8738901451087134,-5.0
5,1.0,1.0,-0.3733932025909321,0.822065292055087,-0.3293225649896934,-0.48838829830702707,-4.0
