,ACTION,REWARD,A0,A1,A2,A3,V
0,1.0,-1.0,-1.8028352004432044,-1.7859183190631422,-1.491012721571108,-1.801582201415168,-1.0
1,2.0,-1.0,-1.3902131222349654,-1.3891576380277972,-1.3776447433472236,-1.3861809972604993,-2.0
2,2.0,-1.0,-1.123930705911272,-1.116824322700294,-1.0979877570412797,-1.1240998724404077,-3.0
3,1.0,-1.0,-0.92414921380779,-0.6335517772043373,-0.8735554394264181,-0.917567478214309,-4.0
4,2.0,-1.0,-0.8248424110809911,-0.8026986776004951,-0.39526874624930897,-0.8738901451087134,-5.0
5,1.0,1.0,-0.3733932025909321,0.8184524967402174,-0.32998852268722767,-0.48838829830702707,-4.0
