,ACTION,REWARD,A0,A1,A2,A3,V
0,2.0,-1.0,-1.8028352004432044,-1.7812975282117156,-1.4990940144798799,-1.801582201415168,-1.0
1,2.0,-1.0,-1.4784507361638157,-1.4820684142032412,-1.21444321492895,-1.4947070345609321,-2.0
2,1.0,-1.0,-1.1264933139684328,-0.8989476319440095,-1.1210532530219282,-1.1116189366494327,-3.0
3,1.0,-1.0,-0.9152410557359062,-0.628953439774438,-0.8735554394264181,-0.917567478214309,-4.0
4,2.0,-1.0,-0.8248424110809911,-0.8026986776004951,-0.39789601321668866,-0.8654224133058406,-5.0
5,1.0,1.0,-0.3733932025909321,0.8147663470464416,-0.32998852268722767,-0.48838829830702707,-4.0
