,ACTION,REWARD,A0,A1,A2,A3,V
0,1.0,-1.0,-1.8028352004432044,-1.7718481024413975,-1.6591999645423994,-1.7872971901905386,-1.0
1,0.0,-1.0,-1.3902131222349654,-1.3809199629833997,-1.379238741220764,-1.3861809972604993,-2.0
2,2.0,-1.0,-1.8028352004432044,-1.7718481024413975,-1.6553017251422346,-1.7872971901905386,-3.0
3,2.0,-1.0,-1.441027616795776,-1.4390526817641838,-1.4060396532926447,-1.4441685660529684,-4.0
4,1.0,-1.0,-1.1099153165587203,-1.0769399990748751,-1.1083977327596795,-1.1116189366494327,-5.0
5,1.0,-1.0,-0.9060128137759337,-0.783392275351223,-0.8665690483676056,-0.8955590736169756,-6.0
6,2.0,-1.0,-0.8173724933017763,-0.7915041040472781,-0.5435495407252979,-0.8304569748442965,-7.0
7,1.0,1.0,-0.3565113877791606,0.7399666321749688,-0.33106997782150266,-0.46012572537952495,-6.0
