,ACTION,REWARD,A0,A1,A2,A3,V
0,2.0,-1.0,-1.8028352004432044,-1.7718481024413975,-1.7461538724206775,-1.7872971901905386,-1.0
1,2.0,-1.0,-1.4648983978374095,-1.4662480152172128,-1.4533642458477094,-1.4670778332881829,-2.0
2,1.0,-1.0,-1.1183957017398174,-1.034915271057303,-1.1147387623813512,-1.1116189366494327,-3.0
3,1.0,-1.0,-0.9060128137759337,-0.7465948258405235,-0.8665690483676056,-0.8955590736169756,-4.0
4,2.0,-1.0,-0.8173724933017763,-0.7915041040472781,-0.5037228667571523,-0.8304569748442965,-5.0
5,1.0,1.0,-0.3565113877791606,0.7752685903526613,-0.3305418403684556,-0.47030298844123447,-4.0
