,ACTION,REWARD,A0,A1,A2,A3,V
0,2.0,-1.0,-1.8028352004432044,-1.7859183190631422,-1.4869960981586012,-1.801582201415168,-1.0
1,2.0,-1.0,-1.4784507361638157,-1.4820684142032412,-1.206316326524057,-1.5032152617847478,-2.0
2,1.0,-1.0,-1.1264933139684328,-0.8891018648677761,-1.1210532530219282,-1.1116189366494327,-3.0
3,1.0,-1.0,-0.92414921380779,-0.6307736781485377,-0.8735554394264181,-0.917567478214309,-4.0
4,2.0,-1.0,-0.8248424110809911,-0.8026986776004951,-0.3939499863161539,-0.8738901451087134,-5.0
5,2.0,-1.0,-0.3733932025909321,0.8184524967402174,-0.3293225649896934,-0.48838829830702707,-6.0
6,1.0,1.0,-0.3733932025909321,0.8202679717728152,-0.3293225649896934,-0.48838829830702707,-5.0
